id,title,vote_average,vote_count,status,release_date,revenue,runtime,budget,imdb_id,original_language,original_title,overview,popularity,tagline,genres,production_companies,production_countries,spoken_languages,cast,director,director_of_photography,writers,producers,music_composer,imdb_rating,imdb_votes,poster_path,release_month,release_year,ISO_week
1726,Iron Man,7.654,27411,Released,2008-04-30,585174222,126,140000000,tt0371746,en,Iron Man,"After being held captive in an Afghan cave, billionaire engineer Tony Stark creates a unique weaponized suit of armor to fight evil.",18.1675,Heroes aren't born. They're built.,"Action, Science Fiction, Adventure","Marvel Studios, Marvel Entertainment, Fairview Entertainment",United States of America,"English, ŸÅÿßÿ±ÿ≥€å, ÿßÿ±ÿØŸà, ÿßŸÑÿπÿ±ÿ®Ÿäÿ©","Tim Guinee, Mike Cochrane, Shaun Toub, Faran Tahir, Russell Richardson, Paul Bettany, Sarah Cahill, Gabrielle Tuite, Jim Cramer, Ahmed Ahmed, Eileen Weisinger, Kevin Foster, Donna Evans, Zorianna Kit, Marvin Jordan, Jeff Bridges, Sayed Badreya, James Bethea, Robert Downey Jr., Fahim Fazli, Frank Nyi, Flavia Manes Rossi, Jon Favreau, Peter Billingsley, Thomas Craig Plumer, Stan Lee, Bill Smitrovich, Meera Simhan, Justin Rex, Lana Kinnear, Garret No√´l, Jeannine Kaspar, Kristin J. Hooper, Robert Berkman, Javan Tahir, Daston Kalili, Ava Rose Williams, Ricki Lander, Gwyneth Paltrow, Ido Mor, Adam Harrington, Tom Morello, Terrence Howard, Callie Croughwell, Gerard Sanders, Tim Rigby, Stacy Stas Hurst, Joshua Harto, Reid Harper, Summer Kylie Remington, Nicole Lindeblad, Sahar Bibiyan, Vladimir Kubr, Ben Newmark, Nazanin Boniadi, Leslie Bibb, Tim Griffin, Patrick O'Connell, Samuel L. Jackson, Clark Gregg, Masha Lund, Marco Khan, Micah A. Hauptman, Lauren Scyphers, Will Lyman",Jon Favreau,Matthew Libatique,"Hawk Ostby, Matt Holloway, Jack Kirby, Mark Fergus, Don Heck, Stan Lee, Art Marcum, Larry Lieber","Jon Favreau, Peter Billingsley, Stan Lee, Avi Arad, Kevin Feige, David Maisel, Ari Arad, Louis D'Esposito",Ramin Djawadi,7.9,1198446,/78lPtwv72eTNqFW9COBYI0dWDJa.jpg,4,2008,18
1724,The Incredible Hulk,6.225,12321,Released,2008-06-12,264770996,114,150000000,tt0800080,en,The Incredible Hulk,"Scientist Bruce Banner scours the planet for an antidote to the unbridled force of rage within him: the Hulk. But when the military masterminds who dream of exploiting his powers force him back to civilization, he finds himself coming face to face with a new, deadly foe.",8.9864,You'll like him when he's angry.,"Science Fiction, Action, Adventure","Marvel Studios, Valhalla Motion Pictures, Marvel Entertainment",United States of America,"Portugu√™s, Espa√±ol, English","Jonathan Lipow, Jee-Yun Lee, P.J. Kerr, Carlos A. Gonzalez, Tim Blake Nelson, John Atkin, Scott Magee, Scott Murphy, Todd Hofley, Raimundo Camargo Nascimento, Tamsen McDonough, Jon Cesar, David L. Marston, Chris Owens, Rick Cordeiro, Liv Tyler, Tim Roth, Robin Wilcock, Tony Nappo, Tre Smith, Jason Burke, D√©bora Nascimento, Bill Bixby, Martin Starr, Adrian Hein, Julio Cesar Torres Dantas, J.D. Hall, Lenka Matuska, DI MacDonald, Aaron Berg, Javier Lambert, Deshaun Clarke, JB Blanc, Carla Nascimento, John Carvalho, Joris Jarsky, Genelle Williams, Nick Stankevich, Jay Hunter, Brandon Cruz, David Collins, Kieran Gallant, Jim Annan, Stephen Broussard, Wayne Robson, Joe La Loggia, Jeffrey W. Pike, Jason Hunter, Richard D. Leko, Billy Parrott, John Campea, Lou Ferrigno, Nick Alachiotis, Michael Kenneth Williams, Nicholas Rose, James Downing, Simon Wong, Arnold Pinnock, Paul Soles, Desmond Campbell, Imali Perera, Peter Mensah, Wes Berger, J.A. Worthington, Greg Bryk, Moses Nyarko, Maxwell McCabe-Lokos, Ty Burrell, Stephen Gartner, Dave Kiner, Kristina Pesic, Yan Regis, Matt Purdy, Fred Tatasciore, Russell Yuen, Miyoshi Umeki, Pedro Salv√≠n, Scoot DeVille, William Hurt, Mila Stromboni, Robert Downey Jr., Edward Norton, Krista Vendy, Max Topplin, Al Vrkljan, Christina Cabot, Grant Nickalls, Kevin Lise, Ruru Sacha, Ish Morris, Avi Phillips, Dylan Taylor, Stan Lee, David Meunier, Chris Ratz, Shaun McComb, Fabio Dorea, David Bianchi, Roberto Bakker, Tig Fong, Fran√ßois Mequer, Robert Morse, T.J. Smith, Rickson Gracie, Johnny Prince, John MacDonald",Louis Leterrier,Peter Menzies Jr.,"Zak Penn, Jack Kirby, Stan Lee","Gale Anne Hurd, Kevin Feige, Avi Arad, Jim Van Wyck, Stan Lee, David Maisel",Craig Armstrong,6.6,554880,/gKzYx79y0AQTL4UAk1cBQJ3nvrm.jpg,6,2008,24
10138,Iron Man 2,6.8,21809,Released,2010-04-28,623933331,124,200000000,tt1228705,en,Iron Man 2,"With the world now aware of his dual life as the armored superhero Iron Man, billionaire inventor Tony Stark faces pressure from the government, the press and the public to share his technology with the military. Unwilling to let go of his invention, Stark, with Pepper Potts and James 'Rhodey' Rhodes at his side, must forge new alliances ‚Äì and confront powerful enemies.",17.0362,"It's not the armor that makes the hero, but the man inside.","Adventure, Action, Science Fiction","Marvel Studios, Fairview Entertainment, Marvel Entertainment",United States of America,"English, P—É—Å—Å–∫–∏–π, Fran√ßais","Fran√ßois Duhamel, Robert Downey Jr., Tim Guinee, Karim Saleh, Nadine Ellis, Christopher Maleki, Davin Ransom, John Ceallach, Evgeniy Lazarev, Eric L. Haney, John Slattery, Alejandro Pati√±o, Mickey Rourke, Paul Grace, Cameron Lee, Sam Rockwell, Gwyneth Paltrow, Jon Favreau, Ali Khan, Melanie Brown, Matt McColm, Brian Schaeffer, Stan Lee, Olivia Munn, Peter Trenholm Smith, Timothy 'TJ' James Driscoll, Jasmine Dustin, Kylette Zamora, Kristin Quick, Tony Nevada, Michael Bruno, Ajarae Coleman, Ayelet Ben-Shahar, Clark Gregg, Tanoai Reed, Keith Middlebrook, Rachele Brooke Smith, Margy Moore, Nicolas Pajon, Philippe Bergeron, Helena Mattsson, Sam Felman, Sandy Colton, Allison Ochmanek, Nick W. Nicholson, Elon Musk, Mathew Lorenceau, Samuel L. Jackson, Scarlett Johansson, Katie Cleary, Brooke Long, Shakira Vanise Gamble, Jenny Robinson, Don Cheadle, Bill O'Reilly, Lindsay Rosenberg, Renee Herlocker, Jill Ann Pineda-Arnold, Luminita Docan, James Bethea, Doug Swander, Kate Clark, Krystal Ellsworth, Garry Shandling, Victoria Gracie, Gina Cantrell, Peter Sebastian Wrobel, Jack White, Adam Goldstein, Hannah Douglass, Larry Ellison, Annika Ihnat, Paul Bettany, Steven James Price, Kate Mara, Seth Green, Bryan McCoy, Christiane Amanpour, Max Favreau, Phillipe Simon, Leslie Bibb, Lindsay Dennis, Jennifer D. Johnson, Anya Monzikova, Mark Kubr, Isaiah Guyman Martin IV",Jon Favreau,Matthew Libatique,"Stan Lee, Justin Theroux, Jack Kirby, Larry Lieber, Don Heck","Stan Lee, Alan Fine, David Maisel, Denis L. Stewart, Kevin Feige, Jon Favreau, Susan Downey, Louis D'Esposito",John Debney,6.9,920331,/6WBeq4fCfn7AN0o21W9qNcRF2l9.jpg,4,2010,17
10195,Thor,6.768,21838,Released,2011-04-21,449326618,115,150000000,tt0800369,en,Thor,"Against his father Odin's will, The Mighty Thor - a powerful but arrogant warrior god - recklessly reignites an ancient war. Thor is cast down to Earth and forced to live among humans as punishment. Once here, Thor learns what it takes to be a true hero when the most dangerous villain of his world sends the darkest forces of Asgard to invade Earth.",12.8066,Courage is immortal.,"Adventure, Fantasy, Action","Marvel Studios, Marvel Entertainment",United States of America,English,"Jeremy Renner, Colm Feore, Walt Simonson, Josh Dallas, Alexander Wright, Natalie Portman, Kelly Hawthorne, Jim Palmer, Patrick O'Brien Demsey, Anthony Hopkins, Dakota Goyo, Chris Hemsworth, Tom Hiddleston, Luke Massy, Darren Kendrick, Michelle Csitos, Stan Lee, Samuel L. Jackson, Stellan Skarsg√•rd, Juliet Lopez, Rachel de la Torre, Douglas Tait, Idris Elba, Richard Cetrone, Justice J. Smith Jr., Jaimie Alexander, Joseph Gatt, Rob Mars, Kat Dennings, Ryan Schaefer, Ray Stevenson, Jamie McShane, Matthew Ducey, Rene Russo, Jason Camp, Adriana Barraza, Kinsey McLean, Stephen Oyoung, Seth Coltan, J. Michael Straczynski, Carrie Lazar, Dale Godboldo, Tadanobu Asano, Joel McCrary, Ted Allpress, Blake Silver, Shawn-Caulin Young, Clark Gregg, Harley Graham, Matt Battaglia, Vanessa Bednar, Maximiliano Hern√°ndez, Isaac Kappy, Buddy Sosthand, Josh Coxx, Hilary Pingle",Kenneth Branagh,Haris Zambarloukos,"Stan Lee, Don Payne, Larry Lieber, Mark Protosevich, J. Michael Straczynski, Jack Kirby, Zack Stentz, Ashley Miller","Stan Lee, Alan Fine, David Maisel, Kevin Feige, Patricia Whitcher, Louis D'Esposito",Patrick Doyle,7.0,949982,/prSfAi1xGrhLQNxVSUFh61xQ4Qy.jpg,4,2011,16
1771,Captain America: The First Avenger,7.005,22241,Released,2011-07-22,370569774,124,140000000,tt0458339,en,Captain America: The First Avenger,"During World War II, Steve Rogers is a sickly man from Brooklyn who's transformed into super-soldier Captain America to aid in the war effort. Rogers must stop the Red Skull ‚Äì Adolf Hitler's ruthless head of weaponry, and the leader of an organization that intends to use a mysterious device of untold powers for world domination.",6.2662,When patriots become heroes.,"Action, Adventure, Science Fiction","Marvel Studios, Marvel Entertainment",United States of America,"Fran√ßais, Norsk, English","Bruno Ricci, William Hope, Laura Haddock, Fernanda Toker, Chris Evans, David McKail, JJ Feild, Naomi Slights, Sam Hoare, Marcello Walton, David Bradley, Sarah Riches, Billy Lozowski, Patrick Monckeberg, Mollie Fitzgerald, Peter Stark, Ben Batt, Kenneth Choi, Anatole Taubman, Nicholas Pinnock, Stephanie Jayne Thompson, Rosanna Hoult, Michael Brandon, Spencer Garrett, Paul Blackwell, Richard Freeman, Toby Jones, Kevin Millington, Stan Lee, Amanda Walker, Nicole Evans, Sophie Colquhoun, Damon Driver, Stevie-Jean McGuire, David Soall, Hugo Weaving, Jennifer Abbotts, Emma Harris, Fabrizio Santino, Danielle Kelly, Jessica Powell, Jack Gordon, Simon Kunz, Amanda Righetti, Sebastian Stan, Benjamin Uttley, Marek Oravec, Martin Sherman, Michelle Antrobus, Gregory Paulett, Samuel L. Jackson, Rosie Pethullis, James Payton, Darren Simpson, Neal McDonough, Erich Redman, Ronan Raftery, Marc Wheeler, Hayley Atwell, Richard Armitage, Paul Simmons, Vincent Montuel, Doug Cockle, Kieran O'Connor, Chris Diggle, Holly Rostron, Stanley Tucci, Lex Shrapnel, Nathan Robinson, Lucie Waugh, Erin Dusek, Michael Humphrey, Lizzi Franklin, Nick Hendrix, Wiliam Morris, Kirsty Mather, Oscar Pearce, Caroline Royce, Leander Deeny, Maxwell Newman, Natalie Dormer, Dominic Cooper, Rai Quartley, Lucy Dean, Jan Pohl, Adam Birch, Tommy Lee Jones, Luke Allen-Gale, Adam Kent, Nicole May, Jenna Coleman, Rachael Isherwood, Sergio James, Anna McNicholas, Steve Leighton, Derek Luke, Katherine Press, Megan Sanderson",Joe Johnston,Shelly Johnson,"Jack Kirby, Joe Simon, Christopher Markus, Stephen McFeely","Alan Fine, Nigel Gostelow, Kevin Feige, Stan Lee, Joe Johnston, Louis D'Esposito, David Maisel",Alan Silvestri,6.9,950736,/vSNxAJTlD0r02V9sPYpOjqDZXUK.jpg,7,2011,29
24428,The Avengers,7.847,33870,Released,2012-04-25,1518815515,143,220000000,tt0848228,en,The Avengers,"When an unexpected enemy emerges and threatens global safety and security, Nick Fury, director of the international peacekeeping agency known as S.H.I.E.L.D., finds himself in need of a team to pull the world back from the brink of disaster. Spanning the globe, a daring recruitment effort begins!",37.4148,Some assembly required.,"Science Fiction, Action, Adventure",Marvel Studios,United States of America,"English, ‡§π‡§ø‡§®‡•ç‡§¶‡•Ä, P—É—Å—Å–∫–∏–π","Brent Reichert, Fernanda Toker, Joti Nagra, Jamie McShane, Chris Evans, Gina Sarno, Tom Hiddleston, Warren Kole, Momoko Komatsu, Ricardo Andres, Caleb Pieplow, Mark Ruffalo, Robert Downey Jr., Harry Dean Stanton, Seth Zielicke, Tai Urban, Robert P. Thitoff, M'laah Kaur Singh, Jenny Agutter, Jesse Garc√≠a, Cobie Smulders, Scarlett Johansson, Paul Bettany, Robin Swoboda, Pat Kiernan, Christina Shaffer, Jerry Lee Tucker, Jerzy Skolimowski, Holly Neelie, Andrea-Nichole Olivas, Jason Botsford, Andrea Vecchio, Rick Dremann, Rod Fielder, Jaime Powers, Romy Rosemont, Enver Gjokaj, Damion Poitier, Dieter Riesle, Kelley Robins Hicks, Kimberly J. Mahoney, Stan Lee, Josh Cowdery, William-Christopher Stephens, Shane Thompson, Alicia Sixtos, Martin Palmer, Jeremy Orr, Tina Grimm, Logan Bennett, Yumiko Komatsu, Michael McMillan, Robert Dean, Ashley Johnson, Alex DeCourville, Alexis Denisof, Gwyneth Paltrow, Demoine Kinney, Alexander Christopher Jones, Carmen Dee Harris, Alexander Daniel Pimentel, Lou Ferrigno, Arthur Darbinyan, Samuel L. Jackson, Sean Meehan, James Eckhouse, Mike Karban, Jeremy Renner, Colin Strause, Kelly Ruble, Eric Frank, Maximiliano Hern√°ndez, Frank Powers, Evan Kole, Annette Lawless, Walter Perez, Douglas Slygh, Maria Perossa, Rashmi Rustagi, Thomas Roberts, Gene N. Chavez, Stellan Skarsg√•rd, Layla Cushman, Caleb Daniel Noal, Michael Zhang, Jorge Mardel, Donald Li, Nate Paige, Israel Hall, Jillian Morgese, Sharita Bone, Robert B. Schneider IV, Jeff Wolfe, Andrew Knode, Chris Hemsworth, Kirill Nikiforov, Brent McGee, Tina Benko, Robert Clohessy, Mayank Bhatter, Sandra Weston, Mary Kate Campbell, George Thomas, Katsumi Komatsu, Catherine Anderson, Hank Amos, Kenneth Tigar, Clark Gregg, Powers Boothe, Todd Manes, Chris Vaina, Jeff Seich",Joss Whedon,Seamus McGarvey,"Stan Lee, Joss Whedon, Joe Simon, Jack Kirby, Zak Penn","Alan Fine, Jeremy Latcham, Kevin Feige, Victoria Alonso, Jon Favreau, Stan Lee, Avi Arad, Chris Brigham, Louis D'Esposito",Alan Silvestri,8.0,1532938,/RYMX2wcKCBAr24UyPD7xwmjaTn.jpg,4,2012,17
68721,Iron Man 3,6.9,22914,Released,2013-04-18,1215577205,130,200000000,tt1300854,en,Iron Man 3,"When Tony Stark's world is torn apart by a formidable terrorist called the Mandarin, he starts an odyssey of rebuilding and retribution.",12.3516,Unleash the power behind the armor.,"Action, Adventure, Science Fiction",Marvel Studios,United States of America,English,"Mark Aaron Wagner, James Rackley, Thomas Roberts, Dan Brown, Wang Xueqi, Ron Madoff, Paul O'Connor, Mark Kubr, John Eddins, Jenna Ortega, Ashley Hamilton, Cullen Moss, Nick Brandon, Steve Wilder, Bronte D'Esposito, Jake De Witt, Gwendalyn Barker, Mike Massa, Mark Ruffalo, Juan C. Bofill, David Anthony Buglione, Ty Simpkins, Nick W. Nicholson, Sarah Burkhardt, Johnny Otto, Kiante Elam, Aja Frary, Tom Virtue, Kary Musa, Gwyneth Paltrow, Aurelia Riley, Andrew Lander, Noah Visconti, Demetrois Hodges, Noa Lindberg, Tom Clark, Kevin Arnold, Bridger Zadina, Toochukwu T.C. Anyachonkeya, Kim Holderness, Miguel Ferrer, Josh Elliott, J. C. Robaina, Ben Kingsley, William Morts, Fernando Chien, Si-Fu Eric Oram, Corey Hawkins, Yvonne Zima, Anthony Reynolds, Adam Lytle, Dennis Keiffer, Guy Pearce, Jade Quon, Stephanie Szostak, Andrew Lauer, Spencer Garrett, Dale Dickey, Kendrick Cross, Rockey Dickey Jr., Pat Kiernan, Megan Henderson, Drew Michael Hershner, Paul Bettany, Kial Butler, Brycen Counts, Rebecca Hall, Serdar Kalsin, Markos Rounthwaite, Brian Simpson, Robert Downey Jr., Sarah Farooqui, Don Cheadle, Ilram Choi, Sala Baker, Nate Bynum, Bill Maher, Matthew Sterling Nye, Rebecca Mader, William Sadler, Chad Kurtz, Bobby Tisdale, Brooke Jaye Taylor, Glenn Foster, Adam Pally, Dane Farwell, Brian Schaeffer, Jan Broberg Felt, Phil Ortiz, Cal Johnson, Stan Lee, Colin Follenweider, Jon Favreau, Wesley Thompson, Joan Rivers, Adrian Gonzalez, George Kotsiopoulos, Linden Ashby, Samuel Le, Johanna Yunda, James Badge Dale, Mark Ginther, Roy McCrerey, Naomi Parshin, Luciana Faulhaber, Chris Gethard, Philip J. Silvera, Mark Fichera, Shaun Toub, Tara Macken",Shane Black,John Toll,"Shane Black, Don Heck, Stan Lee, Jack Kirby, Larry Lieber, Drew Pearce","Alan Fine, Victoria Alonso, Bing Wu, Kevin Feige, Stan Lee, Dan Mintz, Jon Favreau, Stephen Broussard, Charles Newirth, Wenge Xiao, Louis D'Esposito",Brian Tyler,7.1,948870,/qhPtAc1TKbMPqNvcdXSOn9Bn7hZ.jpg,4,2013,16
76338,Thor: The Dark World,6.511,17864,Released,2013-10-30,644783140,112,170000000,tt1981115,en,Thor: The Dark World,"Thor fights to restore order across the cosmos‚Ä¶ but an ancient race led by the vengeful Malekith returns to plunge the universe back into darkness. Faced with an enemy that even Odin and Asgard cannot withstand, Thor must embark on his most perilous and personal journey yet, one that will reunite him with Jane Foster and force him to sacrifice everything to save us all.",8.1958,Delve into the darkness.,"Action, Adventure, Fantasy",Marvel Studios,United States of America,English,"Rene Russo, Tadanobu Asano, Jonathan Howard, Idris Elba, Chris Hemsworth, Connor Donaghey, Elsa Pataky, Ramone Morgan, Joe Cash, Stellan Skarsg√•rd, Tom Hiddleston, Thomas Arnold, Alannah Olivia, Annabel Norbury, JD Roth-Round, Clive Russell, Kamay Lau, Abbie McCann, Natalie Portman, Alice Krige, Chris O'Dowd, Sophie Cosson, Benicio del Toro, Justin Edwards, Obada Alassadi, Ophelia Lovibond, Richard Wharton, Henry Calcutt, Kat Dennings, Ray Stevenson, Imaan Chentouf, Ava Caton, Jaimie Alexander, Gruffudd Glyn, Adewale Akinnuoye-Agbaje, Tony Curran, Royce Pierreson, Sam Swainsbury, Stan Lee, Christopher Eccleston, Zachary Levi, Richard Brake, Brett Tucker, Anthony Hopkins, Chris Evans, Talulah Riley, Claire Brown, Steve Scott",Alan Taylor,Kramer Morgenthau,"Larry Lieber, Stan Lee, Walt Simonson, Christopher L. Yost, Don Payne, Robert Rodat, Jack Kirby, Stephen McFeely, Christopher Markus","Craig Kyle, Stan Lee, Kenneth Branagh, Louis D'Esposito, Alan Fine, Nigel Gostelow, Kevin Feige, Victoria Alonso",Brian Tyler,6.7,764838,/wp6OxE4poJ4G7c0U2ZIXasTSMR7.jpg,10,2013,44
100402,Captain America: The Winter Soldier,7.655,19498,Released,2014-03-20,714766572,136,170000000,tt1843866,en,Captain America: The Winter Soldier,"After the cataclysmic events in New York with The Avengers, Steve Rogers, aka Captain America is living quietly in Washington, D.C. and trying to adjust to the modern world. But when a S.H.I.E.L.D. colleague comes under attack, Steve becomes embroiled in a web of intrigue that threatens to put the world at risk. Joining forces with the Black Widow, Captain America struggles to expose the ever-widening conspiracy while fighting off professional assassins sent to silence him at every turn. When the full scope of the villainous plot is revealed, Captain America and the Black Widow enlist the help of a new ally, the Falcon. However, they soon find themselves up against an unexpected and formidable enemy‚Äîthe Winter Soldier.",5.8015,In heroes we trust.,"Action, Adventure, Science Fiction",Marvel Studios,United States of America,English,"Sebastian Stan, Toby Jones, June Christopher, Maximiliano Hern√°ndez, Elizabeth Olsen, Christopher Markus, Alan Dale, Aaron Himelstein, Jeremy Maxwell, Brian Duffy, Chad Todhunter, Cobie Smulders, Callan Mulvey, Samuel L. Jackson, Wendy Hoopes, Michael Debeljak, Frank Grillo, Chin Han, Garry Shandling, Christopher George Sarris, Andy Martinez, Jr., Scarlett Johansson, Aaron Taylor-Johnson, Chris Evans, Jenny Agutter, Allan Chanes, Anne Grimenstein, Angela Russo-Otstot, Thomas Kretschmann, Danny Pudi, Henry Goodman, Ethan Rains, Joe Rosalina, Jody Hart, Dante Rosalina, Pat Healy, Jon Sklaroff, Charles Wittman, Zack Duhame, Georges St-Pierre, Eddie J. Fernandez, Robert Redford, Derek Hughes, Dean Barlage, James Lewis, Joel Thingvall, Stephen McFeely, Branka Katiƒá, Dominic Rains, Emerson Brooks, Anthony Mackie, Bernie Zilinskas, Evan Parke, Ann Russo, Gary Sinise, Abigail Marlowe, Stan Lee, Bernard White, Nestor Serrano, Adetokumboh M'Cormack, Emily VanCamp, Joe Russo, D.C. Pierson, Salvator Xuereb, Hayley Atwell, Ricardo Chacon, Steven Culp, Michael De Geus, Joss Whedon, Robert Clotworthy, Griffin M. Allen, Terence O'Rourke, Ed Brubaker","Joe Russo, Anthony Russo",Trent Opaloch,"Stephen McFeely, Joe Simon, Jack Kirby, Christopher Markus","Stan Lee, Kevin Feige, Victoria Alonso, Michael Grillo, Louis D'Esposito, Alan Fine",Henry Jackman,7.7,954218,/tVFRpFw3xTedgPGqxW0AOI8Qhh0.jpg,3,2014,12
118340,Guardians of the Galaxy,7.905,29010,Released,2014-07-30,772776600,121,170000000,tt2015381,en,Guardians of the Galaxy,"Light years from Earth, 26 years after being abducted, Peter Quill finds himself the prime target of a manhunt after discovering an orb wanted by Ronan the Accuser.",7.3179,"When things get bad, they'll do their worst.","Action, Science Fiction, Adventure",Marvel Studios,United States of America,English,"Christopher Fairbank, John C. Reilly, Sharif Atkins, Gregg Henry, Frank Gilhooley, Ronan Summers, Laura Haddock, Dave Bautista, Stan Lee, Alison Lintott, Solomon Mousley, Robert Firth, Brendan Fehr, Tomas Arana, Erica Melargo, Djimon Hounsou, Alexis Rodney, Isabella Poynton, Rachel Cullen, Mikaela Hoover, Tyler Bates, Krystian Godlewski, Ophelia Lovibond, Ene Frost, Melia Kreiling, Keeley Forsyth, Stephen Blackehart, Peter Serafinowicz, John Brotherton, Vin Diesel, Ralph Ineson, Rosie Jones, Wyatt Oleff, Nicole Alexandra Shipley, Marama Corlett, Bruce Mackinnon, Ekaterina Zalitko, Graham Shiels, James Gunn, Lloyd Kaufman, Douglas Robson, Imogen Poynton, Lee Pace, Spencer Wilding, Benicio del Toro, Emmett Scanlan, Nathan Fillion, Laura Ortiz, Max Wrottesley, Glenn Close, Jennifer Moylan-Taylor, Emily Redding, Sean Gunn, Abidemi Sobande, Bradley Cooper, David Yarovesky, Alexis Denisof, Rob Zombie, Miriam Lucia, Seth Green, Zoe Salda√±a, Richard Katz, Tom Proctor, Dominic Grant, Nick Holmes, Naomi Ryan, Enzo Cilenti, Josh Brolin, Chris Pratt, Michael Rooker, Karen Gillan, Lindsay Morton, Jozef Aoki, Janis Ahern",James Gunn,Ben Davis,"Nicole Perlman, Andy Lanning, Dan Abnett, Steve Gan, Bill Mantlo, Jim Starlin, Steve Englehart, James Gunn, Keith Giffen, Val Mayerik, Steve Gerber","Alan Fine, Jeremy Latcham, Kevin Feige, Nik Korda, Victoria Alonso, Stan Lee, Louis D'Esposito",Tyler Bates,8.0,1340844,/r7vmZjiyZw9rpJMQJdXpjgiCOk9.jpg,7,2014,31
99861,Avengers: Age of Ultron,7.271,23836,Released,2015-04-22,1405403694,141,365000000,tt2395427,en,Avengers: Age of Ultron,"When Tony Stark tries to jumpstart a dormant peacekeeping program, things go awry and Earth‚Äôs Mightiest Heroes are put to the ultimate test as the fate of the planet hangs in the balance. As the villainous Ultron emerges, it is up to The Avengers to stop him from enacting his terrible plans, and soon uneasy alliances and unexpected action pave the way for an epic and unique global adventure.",14.9911,A new age has come.,"Action, Adventure, Science Fiction",Marvel Studios,United States of America,English,"Nondumiso Tembe, Idris Elba, Bentley Kalu, Andy Serkis, Linda Cardellini, Robert Downey Jr., Chris Hemsworth, James Spader, Aaron Taylor-Johnson, Isaac Andrews, Verity Hewlett, Chan Woo Lim, Riccardo Richetta, Gareth Kieran Jones, Namju Go, Earl T. Kim, Jaiden Stafford, Robert J. Fraser, Lou Ferrigno, Hayley Atwell, Brian Schaeffer, Dominique Provost-Chalkley, Samuel L. Jackson, Arthur Lee, Zakk Pierce, Julian Bleach, Don Cheadle, Stan Lee, Michael Matovski, Monty Mclaren-Clark, Tony Christian, Jeremy Renner, Harriet Lenabe, Mathapelo September, Minhee Yeo, Constanza Ruff, Lele Ledwaba, Elizabeth Olsen, Mina Kweon, Aaron Himelstein, Christopher Beasley, Beulah Hashe, Mandla Gaduka, Chioma Anyanwu, Paul Bettany, Kerry Condon, Cobie Smulders, Scarlett Johansson, Thomas Kretschmann, Kabelo Thai, Claudia Kim, Vuyo Dabula, Musca Kumalo, Antony Acheampong, Ben Sakamoto, Anthony Mackie, Imogen Poynton, Julie Delpy, Ian Kay, Isabella Poynton, Barry Aird, Chris Luca, Alma Noce, Chris Evans, Ingvild Deila, Henry Goodman, Josh Brolin, Stellan Skarsg√•rd, Julia Krynke, Mark Ruffalo, Sunny Yeo",Joss Whedon,Ben Davis,"Joss Whedon, Jim Starlin, Stan Lee, Jack Kirby, Joe Simon","Kevin Feige, Louis D'Esposito, Jon Favreau, Jeremy Latcham, Alan Fine, Stan Lee, Patricia Whitcher, Victoria Alonso","Danny Elfman, Brian Tyler",7.3,980228,/4ssDuvEDkSArWEdyBl2X5EHvYKU.jpg,4,2015,17
102899,Ant-Man,7.067,20407,Released,2015-07-14,519311965,117,130000000,tt0478970,en,Ant-Man,"Armed with the astonishing ability to shrink in scale but increase in strength, master thief Scott Lang must embrace his inner-hero and help his mentor, Doctor Hank Pym, protect the secret behind his spectacular Ant-Man suit from a new generation of towering threats. Against seemingly insurmountable obstacles, Pym and Lang must plan and pull off a heist that will save the world.",7.3813,Heroes don't get any bigger.,"Science Fiction, Action, Adventure",Marvel Studios,United States of America,English,"Anthony Mackie, Chuck David Willis, David Dastmalchian, Reuben Langdon, Tom Kenny, Antal Kalik, Zamani Wilder, Judy Greer, Martin Donovan, Desmond Phillips, Sebastian Stan, Bobby Cannavale, Ajani Perkins, Hayley Lovitt, Abby Ryder Fortson, Adam Hart, Corey Stoll, Jean Louisa Kelly, Darcie Isabella Cottrell, Dax Griffin, Evangeline Lilly, Stan Lee, Robert Crayton, Erik Betts, T.I., Rus Blackwell, Carlos Aviles, Anna Akana, Hayley Gagner, Carol Anne Watts, Johnny Pemberton, Michael Jamorski, Teddy Williams, Diana Chiritescu, Nicholas Barrera, Michael Douglas, Michael Pe√±a, Ricki Lander, Casey Pieretti, Kevin Buttimer, Neko Parham, Lyndsi LaRose, Joe Chrest, Wood Harris, Rick Avery, Jim R. Coleman, Garrett Morris, Aaron Saxton, Zack Duhame, Onira Tar√©s, Hayley Atwell, Alex Chansky, Vanessa Ross, Michael Trisler, Kevin Lacz, Rod Hallett, Todd Schneider, Joe Bucaro III, Clay Donahue Fontenot, Raul Colon, Daniel Stevens, Gregg Turkington, Michael A. Cook, Danny Vasquez, Chris Evans, Kylen Davis, Paul Rudd, Jessejames Locorriere, John Slattery, Norma Alvarez",Peyton Reed,Russell Carpenter,"Adam McKay, Edgar Wright, Stan Lee, Jack Kirby, Larry Lieber, Joe Cornish, Paul Rudd","Alan Fine, Victoria Alonso, Edgar Wright, Kevin Feige, Stan Lee, Michael Grillo, Louis D'Esposito",Christophe Beck,7.2,766655,/rQRnQfUl3kfp78nCWq8Ks04vnq1.jpg,7,2015,29
271110,Captain America: Civil War,7.448,23491,Released,2016-04-27,1155046416,147,250000000,tt3498820,en,Captain America: Civil War,"Following the events of Age of Ultron, the collective governments of the world pass an act designed to regulate all superhuman activity. This polarizes opinion amongst the Avengers, causing two factions to side with Iron Man or Captain America, which causes an epic battle between former allies.",9.3527,United we stand. Divided we fall.,"Adventure, Action, Science Fiction",Marvel Studios,United States of America,"Rom√¢nƒÉ, English, Deutsch, P—É—Å—Å–∫–∏–π","Sebastian Stan, Elizabeth Olsen, Jeremy Renner, Frank Grillo, Aaron Toney, Ashwin Mudaliar, Julianna Guill, Chase Bradfield, Aaron Hayes, Amiri Jones, Florence Kasumba, Cornell John, Austin Hooper, Jessica Walther-Gabory, Stanley Sellers, Jacob Ludwick, Chadwick Boseman, Jacob Sung, Austin Sanders, Beniamino Brogi, Parker Pape, Umar Khan, Kevin LaRosa Jr., Darryl Sampson, Evan Ffrench, Kevin Christenson, Daniel Br√ºhl, Rafael Banasik, Blair Jasin, Chris Jai Alex, Daniel Parada, Silvina Buchbauer, Jariah Ferguson, Robert Downey Jr., Ray Sahetapy, Oliver Bigalke, Ralphael Grand'Pierre, Surely Alvelo, Justin Freeman, Ethan Condon, Kerry Condon, Ernest Charles, Michael Anthony Rogers, Tom Holland, Martin Freeman, Emily VanCamp, Don Cheadle, Amelia Morck, Marisa Tomei, William Hurt, Miles Selles, Laughton Parchment, David de Vries, Sophia Russo, Katie Amess, Scarlett Johansson, Heidi Moneymaker, Scott Hunter, Chris Evans, Jim Rash, Kimberly Hester Huffstetler, John Curran, Jonah Ruffin, Matthew Anderson, Paul Rudd, David E. Brown, Eli Ollinger, Stephen Lewis, Hope Davis, Guy Fernandez, Caden Wilkinson, Shen Dynes, John Kani, Brian Schaeffer, Brett Gentile, Michael A. Cook, Ann Russo, Anthony Mackie, Yi Long, Cameron Sardone, Joshua Peck, Myles Joseph, D'Mahrei McRae, Hendricks Coates, Jackson Spidell, Be Satrazemis, Henry Amadi, John Slattery, Fr√©d√©ric North, Andrew Botchwey, Paul Bettany, Sven H√∂nig, Al Cerullo, Jin Shijia, Cale Schultz, Brent McGee, Alfre Woodard, Damion Poitier, Stan Lee, Gene Farber, Ugochukwu Ani, Nathaniel Ellis, Joe Russo, Julian Grimes","Joe Russo, Anthony Russo",Trent Opaloch,"Stephen McFeely, Joe Simon, Jack Kirby, Christopher Markus","Stan Lee, Patricia Whitcher, Kevin Feige, Victoria Alonso, Nate Moore, Louis D'Esposito, Alan Fine",Henry Jackman,7.8,908395,/rAGiXaUfPzY7CDEyNKUofk3Kw2e.jpg,4,2016,17
284052,Doctor Strange,7.4,22899,Released,2016-10-25,676343174,115,180000000,tt1211837,en,Doctor Strange,"After his career is destroyed, a brilliant but arrogant surgeon gets a new lease on life when a sorcerer takes him under her wing and trains him to defend the world against evil.",7.8119,The impossibilities are endless.,"Fantasy, Adventure, Action",Marvel Studios,United States of America,English,"Alaa Safi, Kobna Holdbrook-Smith, Umit Ulgen, Tilda Swinton, Eben Young, Benedict Cumberbatch, Chris Hemsworth, Benedict Wong, Mads Mikkelsen, Michael Stuhlbarg, Clem So, Ezra Faroque Khan, Juani Feliz, Zara Phythian, Amy Landecker, Sarah Malin, Daniel Dow, Linda Louise Duan, Stan Lee, Kimberly Van Luin, Tamika Katon-Donegal, Guillaume Faure, Elizabeth Healey, Raj Awasti, Daniel Eghan, Kei Miura, Chiwetel Ejiofor, Meera Syal, Pezh Maan, Rachel McAdams, Scott Adkins, Pat Kiernan, Samantha Russell, Topo Wresniwiro, Emeson Nwolie, Mo Idriss, Adam Pelta-Pauls, Cameron Moon, Jill Buchanan, Katrina Durden, Mark Anthony Brighton, Benjamin Bratt",Scott Derrickson,Ben Davis,"Steve Ditko, Jon Spaihts, Scott Derrickson, Stan Lee, C. Robert Cargill","Kevin Feige, Stephen Broussard, Louis D'Esposito, Charles Newirth, Alan Fine, Stan Lee, Victoria Alonso",Michael Giacchino,7.5,863217,/xf8PbyQcR5ucXErmZNzdKR0s8ya.jpg,10,2016,43
283995,Guardians of the Galaxy Vol. 2,7.6,22391,Released,2017-04-19,863756051,137,200000000,tt3896198,en,Guardians of the Galaxy Vol. 2,The Guardians must fight to keep their newfound family together as they unravel the mysteries of Peter Quill's true parentage.,9.8729,Anyone can save the galaxy once.,"Science Fiction, Adventure, Action",Marvel Studios,United States of America,English,"Elizabeth Debicki, Terence Rosemore, Mac Wells, Elizabeth Faith Ludlow, Sean Gunn, Guillermo Rodriguez, Alex Klein, Jeff Goldblum, Sylvester Stallone, Luke Cook, Hilty Bowen, Michael Rosenbaum, Gregg Henry, Blondy Baruti, Dave Bautista, Ving Rhames, Chris Pratt, Stan Lee, Pom Klementieff, Bradley Cooper, Mike Escamilla, Alphonso A'Qen-Aten Jackson, Chris Sullivan, Sierra Love, Zoe Salda√±a, Laura Haddock, Stephen Blackehart, Rhoda Griffis, Wyatt Oleff, Kendra Carelli, Steve Agee, Hannah Gottesman, Miley Cyrus, Aaron Schwartz, Michelle Yeoh, Nea Dune, Jimmy Urine, Joe Fria, Molly C. Quinn, Josh Tipis, Fred Galle, Milynn Sarley, Karen Gillan, Ben Browder, Evan Jones, David Hasselhoff, Kelly Richardson, Jim Gunn Sr., Richard Christy, Tommy Flanagan, Leota Gunn, Damita Jane Howard, Seth Green, Rob Zombie, Michael Rooker, Jason Williams, Donny Carrington, Kurt Russell, Vin Diesel",James Gunn,Henry Braham,"James Gunn, Dan Abnett, Larry Lieber, Andy Lanning, Val Mayerik, Steve Gerber, Bill Mantlo, Steve Englehart, Jim Starlin, Stan Lee, Jack Kirby, Keith Giffen, Steve Gan","Kevin Feige, Louis D'Esposito, Nik Korda, Stan Lee, Jonathan Schwartz, Victoria Alonso",Tyler Bates,7.6,812186,/y4MBh0EjBlMuOzv9axM4qJlmhzz.jpg,4,2017,16
315635,Spider-Man: Homecoming,7.329,22596,Released,2017-07-05,880166924,133,175000000,tt2250912,en,Spider-Man: Homecoming,"Following the events of Captain America: Civil War, Peter Parker, with the help of his mentor Tony Stark, tries to balance his life as an ordinary high school student in Queens, New York City, with fighting crime as his superhero alter ego Spider-Man as a new threat, the Vulture, emerges.",13.4776,Homework can wait. The city can't.,"Action, Adventure, Science Fiction","Marvel Studios, Pascal Pictures, LStar Capital, Columbia Pictures",United States of America,English,"Jennifer Connelly, Michael Keaton, Nitin Nohria, John Penick, Kirk R. Thatcher, Doug Scroggins III, Robert Downey Jr., Hannibal Buress, Gina Cordan, Tyne Daly, Manuel LAMBERT, Tiffany Espensen, Bob Adrian, Kevin LaRosa Jr., Logan Marshall-Green, Tom Holland, Miles Mussenden, Kerry Condon, Joe Hang, Christopher Berry, Ren Colley, Zendaya, Chris Adams, Chris Evans, Ari Groover, Marisa Tomei, Donald Glover, Melissa Kay Glaze, Josh Turner, Tunde Adebimpe, Wayne P√©re, Rebeca Donovan, Hemky Madera, Jennifer Kim, Marmee Regine Cosico, Martin Starr, Gary Weeks, Ethan Dizon, Michael Mando, Elli, Laura Harrier, Louis Gonzalez, Garcelle Beauvais, Maiya Boyd, Cassidy Alexandra Kahler, Selenis Leyva, Andy Powers, Harrison Osterfield, Jaine Ye, Omar Capra, Chris Silcox, Angourie Rice, Wesley Kuykendoll, Stan Lee, Jacob Batalon, Hallie Ricardo, Nickolas Wolf, Michael Barbieri, Josie Totah, Tony Revolori, Friday Chamberlain, Clam Sepulveda, Donald K. Overstreet, Gwyneth Paltrow, Zach Cherry, Liza Fagin, Martha Kelly, Sondra James, Vince Foster, Brian Schaeffer, Gary Richardson, Yu Lew, Alexa Laraki, Amy Hill, Stewart Steinberg, Isabella Amara, Abraham Attah, Jon Favreau, Jorge Lendeborg Jr., Kenneth Choi, Dante Brattelli, Bokeem Woodbine, Michael Chernus",Jon Watts,Salvatore Totino,"Jon Watts, Joe Simon, Steve Ditko, Jonathan Goldstein, Chris McKenna, Erik Sommers, Andrea Datzman, Christopher Ford, Stan Lee, John Francis Daley, Jack Kirby","Matt Tolmach, Louis D'Esposito, Amy Pascal, Victoria Alonso, Avi Arad, Patricia Whitcher, Jeremy Latcham, Kevin Feige, Stan Lee",Michael Giacchino,7.4,777355,/c24sv2weTHPsmDa7jEMN0m2P3RT.jpg,7,2017,27
284053,Thor: Ragnarok,7.6,21492,Released,2017-10-02,855301806,131,180000000,tt3501632,en,Thor: Ragnarok,"Thor is imprisoned on the other side of the universe and finds himself in a race against time to get back to Asgard to stop Ragnarok, the destruction of his home-world and the end of Asgardian civilization, at the hands of a powerful new threat, the ruthless Hela.",8.6612,No hammer. No problem.,"Action, Adventure, Science Fiction",Marvel Studios,United States of America,English,"Amali Golden, Sol Castanho, Taika Waititi, Katie Anderson, Clancy Brown, Charlotte Nicdao, Zachary Levi, Rachel House, Connor Zegenhagen, Tessa Thompson, Sky Castanho, Shari Sebbens, Greta Carew-Johns, Winnie Mzembe, Sam Neill, Chris Hemsworth, Ray Stevenson, Benedict Cumberbatch, Alia Seror-O'Neill, Idris Elba, Jet Tranter, Anthony Hopkins, Cohen Holloway, Mark Ruffalo, Sam Hargrave, Tom Hiddleston, Donnie Baxter, Garreth Hadfield, Shalom Brune-Franklin, Jeff Goldblum, Samantha Hopper, Matt Damon, Sean Edward Frazer, Taylor Hemsworth, Beatrice Ward, Jasper Bagg, Richard Green, Tracey Lee Maxwell, Eloise Winestock, Tahlia Jade, Tracie Filmer, Sophia Laryea, Hamish Parkinson, Cate Blanchett, Luke Hemsworth, Georgia Blizzard, Sophia McGregor, Mollie McGregor, Ash Ricardo, Stan Lee, Braden Lewis, Tadanobu Asano, Rob Mayes, Steven Oliver, Karl Urban",Taika Waititi,Javier Aguirresarobe,"Christopher L. Yost, Stan Lee, Jack Kirby, Eric Pearson, Craig Kyle, Larry Lieber","Stan Lee, Kevin Feige, Thomas M. Hammel, Victoria Alonso, Brad Winderbaum, Louis D'Esposito",Mark Mothersbaugh,7.9,875616,/rzRwTcFvttcN1ZpX2xv4j3tSdJu.jpg,10,2017,40
284054,Black Panther,7.367,22899,Released,2018-02-13,1349926083,135,200000000,tt1825683,en,Black Panther,"King T'Challa returns home to the reclusive, technologically advanced African nation of Wakanda to serve as his country's new leader. However, T'Challa soon finds that he is challenged for the throne by factions within his own country as well as without. Using powers reserved to Wakandan kings, T'Challa assumes the Black Panther mantle to join with ex-girlfriend Nakia, the queen-mother, his princess-kid sister, members of the Dora Milaje (the Wakandan 'special forces') and an American secret agent, to prevent Wakanda from being dragged into a world war.",13.1973,Long live the king.,"Action, Adventure, Science Fiction",Marvel Studios,United States of America,"English, ÌïúÍµ≠Ïñ¥/Ï°∞ÏÑ†Îßê, Kiswahili, ","Daniel Kaluuya, Florence Kasumba, Nabiyah Be, Tony Sears, Zola Williams, David S. Lee, Liz Elkins Newcomer, Janeshia Adams-Ginyard, T. Love, Connie Chiume, Alexis Rhee, Roland Kilumbu, Vaughndio Forbes, Chad Crumley, Forest Whitaker, Dorothy Steel, Maria Hippolyte, Isaach de Bankol√©, Lupita Nyong'o, Jeremy Sample, Denzel Whitaker, J√©nel Stevens, Sydelle Noel, Clifford Gay, Angela Bassett, John Kani, Tyler Timmons, Andy Serkis, Stan Lee, Atandwa Kani, Shamel Heath, Jermaine Holt, Lucy Hockings, Mark Ashworth, Sope Aluko, Winston Duke, Marija Abney, Christine Hollingsworth, Ashton Tyler, Alex R. Hibbert, Tristan Timmons, Zenzi Williams, Danny Chung, Marie Mouroum, Abraham Clinkscales, Bambadjan Bamba, Thabo Moropane, Francesca Faridany, Martin Freeman, De'Jon Watts, Chadwick Boseman, Dominique Elijah Smith, Shaunette Ren√©e Wilson, Alexis Louder, Sterling K. Brown, Michael B. Jordan, Sasha Morfaw, Zani Mogodi, Danai Gurira, Sebastian Stan, Jalil Jay Lynch, Letitia Wright, Trevor Noah, Alex C. Riley Hughes, Danny Sapani, Seth Carr",Ryan Coogler,Rachel Morrison,"Simeon Wilkins, Joe Robert Cole, Jack Kirby, Ryan Coogler, Stan Lee","Nate Moore, Victoria Alonso, Jeffrey Chernov, Kevin Feige, Stan Lee, Louis D'Esposito",Ludwig G√∂ransson,7.3,893449,/uxzzxijgPIY7slzFvMotPv8wjKA.jpg,2,2018,7
299536,Avengers: Infinity War,8.235,31117,Released,2018-04-25,2052415039,149,300000000,tt4154756,en,Avengers: Infinity War,"As the Avengers and their allies have continued to protect the world from threats too large for any one hero to handle, a new danger has emerged from the cosmic shadows: Thanos. A despot of intergalactic infamy, his goal is to collect all six Infinity Stones, artifacts of unimaginable power, and use them to inflict his twisted will on all of reality. Everything the Avengers have fought for has led up to this moment - the fate of Earth and existence itself has never been more uncertain.",23.5327,Destiny arrives all the same.,"Adventure, Action, Science Fiction",Marvel Studios,United States of America,"English, ","Michael Anthony Rogers, Blair Jasin, Matthew Zuk, Bobby James, Dave Bautista, Stan Lee, Carrie Coon, Tiffany Espensen, Chris Evans, Chris Hemsworth, Don Cheadle, Marija Abney, Florence Kasumba, Robert Tinsley, Olaniyan Thurmon, Tom Hiddleston, Stephen McFeely, James Siderits, Jacob Batalon, Precious Jenkins, Winston Duke, Tom Holland, Aaron Lazar, Mark Ruffalo, Elizabeth Olsen, Zola Williams, Vin Diesel, Robert Downey Jr., William Hurt, Laura Miller, Danai Gurira, Monique Ganderton, Idris Elba, Pom Klementieff, Paul Bettany, Scarlett Johansson, Tom Vaughan-Lawlor, Cobie Smulders, Ethan Dizon, Letitia Wright, Marie Mouroum, Isabella Amara, Robert Pralgo, Peter Dinklage, Benicio del Toro, Gary Peebles, Lady Cardinal, Sean Gunn, Tanya Wheelock, Bradley Cooper, Sebastian Stan, Gwyneth Paltrow, Chadwick Boseman, Zoe Salda√±a, Michael James Shaw, Josh Brolin, Kerry Condon, Ariana Greenblatt, Ross Marquand, Anthony Mackie, Terry Notary, Ameenah Kaplan, Benedict Cumberbatch, Chris Pratt, Kenneth Branagh, Karen Gillan, Harrison Osterfield, Samuel L. Jackson, Benedict Wong","Anthony Russo, Joe Russo",Trent Opaloch,"Christopher Markus, Steve Gan, Larry Lieber, Bill Mantlo, Stan Lee, Jim Starlin, Steve Englehart, Joe Simon, Keith Giffen, Jack Kirby, Don Heck, Stephen McFeely","Alan Fine, Kevin Feige, Victoria Alonso, Jon Favreau, Stan Lee, Trinh Tran, Louis D'Esposito, James Gunn",Alan Silvestri,8.4,1329467,/7WsyChQLEftFiDOVTGkv3hFpyyt.jpg,4,2018,17
363088,Ant-Man and the Wasp,6.9,13810,Released,2018-07-04,622674139,119,140000000,tt5095030,en,Ant-Man and the Wasp,"Just when his time under house arrest is about to end, Scott Lang once again puts his freedom at risk to help Hope van Dyne and Dr. Hank Pym dive into the quantum realm and try to accomplish, against time and any chance of success, a very dangerous rescue mission.",4.8506,Real heroes. Not actual size.,"Action, Adventure, Science Fiction",Marvel Studios,United States of America,English,"Michelle Pfeiffer, Seth McCracken, James Siderits, T.I., Sergio Briones, Walton Goggins, Mika Kubo, John Ozuna, Reggie Aqui, Brian Huskey, Simon Potter, Michael Douglas, Riann Steele, Jessica Winther, Torrey Vogel, Tom Scharpling, Steven Wiig, Dale Liner, Corey Seaver, Benjamin Weaver, Rob Archer, Judy Greer, Randall Park, Hayley Lovitt, Evangeline Lilly, Charles Justo, Norwood Cheek, Julia Vera, Natasha Zouves, Sophia Marcs, Tim Heidecker, Jamel Chambers, Dax Griffin, Sandra Dee Richardson, Bryan Lugo, Suehyla El-Attar Young, Kevin Carscallen, William W. Barbour, David Dastmalchian, Jake Hanson, Jessica Castro, Alexis Smith, Timothy Carr, Benjamin Byron Davis, Goran Kostiƒá, Ana Maria Quintana, Paul Rudd, Vanessa Ross, Michael Cerveris, Langston Fishburne, Blake Vogt, Sean Kleier, Denney Pierce, Bobby Cannavale, Jennifer Black, Marcella Bragio, Laurence Fishburne, Tahseen Ghauri, Abby Ryder Fortson, RaeLynn Bratten, Stan Lee, Mike Nicco, Hannah John-Kamen, Chris Gann, Divian Ladwa, Virginia Hamilton, Rick Richardson, Darcy Shean, Sawyer D. Jones, Madeleine McGraw, Andy Arness, Joshua Mikel, Michael Pe√±a, Zachary Culbertson, Tanya Wheelock, Jon Wurster",Peyton Reed,Dante Spinotti,"Andrew Barrer, Stan Lee, Jack Kirby, Chris McKenna, Larry Lieber, Paul Rudd, Erik Sommers, Gabriel Ferrari","Victoria Alonso, Stan Lee, Louis D'Esposito, Kevin Feige, Stephen Broussard, Charles Newirth",Christophe Beck,7.0,484337,/cFQEO687n1K6umXbInzocxcnAQz.jpg,7,2018,27
299537,Captain Marvel,6.791,16324,Released,2019-03-06,1131416446,124,152000000,tt4154664,en,Captain Marvel,"The story follows Carol Danvers as she becomes one of the universe‚Äôs most powerful heroes when Earth is caught in the middle of a galactic war between two alien races. Set in the 1990s, Captain Marvel is an all-new adventure from a previously unseen period in the history of the Marvel Cinematic Universe.",9.856,Higher. Further. Faster.,"Action, Adventure, Science Fiction",Marvel Studios,United States of America,English,"Vinny O'Brien, Nelson Franklin, Duane Henry, Ana Ayora, Lashana Lynch, Marilyn Brett, Azari Akbar, Kenneth Mitchell, Matthew Bellows, Harriet L. Ophuls, Stephen A. Chang, Pete Ploszek, Mark Daugherty, Brie Larson, Djimon Hounsou, Gemma Chan, Jude Law, Abigaille Ozrey, Sharon Blynn, Scarlett Johansson, Diana Toshiko, Kelly Sue DeConnick, Chuku Modu, Richard Zeringue, Mckenna Grace, Mark Ruffalo, Emily Ozrey, Stan Lee, Stephen 'Cajun' Del Bagno, Ben Mendelsohn, Patrick Gallagher, Barry Curtis, Matthew 'Spider' Kimmel, Akira Akbar, London Fuller, Lyonetta Flowers, Vik Sahay, Patrick Brennan, Anthony Molinari, Rune Temte, Matthew Maher, Auden L. Ophuls, Robert Kazinsky, Colin Ford, Don Cheadle, Lee Pace, Samuel L. Jackson, Joey Courteau, Clark Gregg, Chris Evans, Algenis Perez Soto, Annette Bening, Rufus Flowers","Anna Boden, Ryan Fleck",Ben Davis,"Meg LeFauve, Nicole Perlman, Anna Boden, Geneva Robertson-Dworet, Jack Kirby, Joe Simon, Ryan Fleck","Victoria Alonso, Kevin Feige, Jonathan Schwartz, Stan Lee, Patricia Whitcher, Louis D'Esposito",Pinar Toprak,6.7,646468,/AtsgWhDnHTq68L0lLsUrCnM7TjG.jpg,3,2019,10
299534,Avengers: Endgame,8.237,26907,Released,2019-04-24,2799439100,181,356000000,tt4154796,en,Avengers: Endgame,"After the devastating events of Avengers: Infinity War, the universe is in ruins due to the efforts of the Mad Titan, Thanos. With the help of remaining allies, the Avengers must assemble once more in order to undo Thanos' actions and restore order to the universe once and for all, no matter what consequences may be in store.",13.8774,Avenge the fallen.,"Adventure, Science Fiction, Action",Marvel Studios,United States of America,"English, Êó•Êú¨Ë™û, ","Dave Bautista, Chris Evans, Marisa Tomei, Tom Hiddleston, Mark Ruffalo, Elizabeth Olsen, Taika Waititi, Michael A. Cook, John Posey, Robert Downey Jr., John Slattery, Tessa Thompson, Cobie Smulders, Scarlett Johansson, Robert Pralgo, James D'Arcy, Bradley Cooper, Erica Ribley, Agostino Rosalina, Lee Moore, James Lin, Josh Brolin, Emma Fuhrmann, Terry Notary, Ken Jeong, Chris Pratt, Angela Bassett, Yvette Nicole Brown, Jimmy Ray Pickens, Stan Lee, Jamie Wedel, Olaniyan Thurmon, Donald Mustard, Michael Douglas, Lia Mariella Russo, Tilda Swinton, Natalie Portman, Matthew Berry, Taylor Patterson, Paul Rudd, Letitia Wright, Robert Redford, Ty Simpkins, Rene Russo, Sebastian Stan, Gwyneth Paltrow, Chadwick Boseman, Michael James Shaw, Jennifer Elmore, Karen Gillan, Samuel L. Jackson, Benedict Wong, Brian Schaeffer, Joe Russo, Jeremy Renner, Hayley Atwell, Robert Tinsley, Callan Mulvey, Ben Sakamoto, Loen LeClair, Maximiliano Hern√°ndez, Hye Jin Jang, Tom Holland, Aaron Lazar, Vin Diesel, William Hurt, Danai Gurira, Monique Ganderton, Mike Lutz, Linda Cardellini, John Michael Morris, Patrick Gorman, Lexi Rabe, Sean Gunn, Julian Russo, Ross Marquand, Joy McAvoy, Anthony Mackie, Jack Champion, Benedict Cumberbatch, Cade Woodward, Jackson A. Dunn, Chris Hemsworth, Don Cheadle, Frank Grillo, Bazlo LeClair, Anthony G Breed, Sam Hargrave, Jacob Batalon, Brent McGee, Winston Duke, Hiroyuki Sanada, Michelle Pfeiffer, Jim Starlin, Tom Wisdom, Pom Klementieff, Tom Vaughan-Lawlor, Jon Favreau, Evangeline Lilly, Brie Larson, Ava Russo, Zoe Salda√±a, Kerry Condon, Ameenah Kaplan, Russell Bobbitt","Anthony Russo, Joe Russo",Trent Opaloch,"Christopher Markus, Steve Gan, Larry Lieber, Stan Lee, Bill Mantlo, Jim Starlin, Steve Englehart, Keith Giffen, Joe Simon, Jack Kirby, Don Heck, Stephen McFeely","Kevin Feige, Victoria Alonso, Jon Favreau, Stan Lee, Michael Grillo, Trinh Tran, Louis D'Esposito, James Gunn",Alan Silvestri,8.4,1399585,/bR8ISy1O9XQxqiy0fQFw2BX72RQ.jpg,4,2019,17
429617,Spider-Man: Far From Home,7.4,16435,Released,2019-06-28,1131927996,129,160000000,tt6320628,en,Spider-Man: Far From Home,"Peter Parker and his friends go on a summer trip to Europe. However, they will hardly be able to rest - Peter will have to agree to help Nick Fury uncover the mystery of creatures that cause natural disasters and destruction throughout the continent.",11.6478,It‚Äôs time to step up.,"Action, Adventure, Science Fiction","Marvel Studios, Pascal Pictures, Columbia Pictures",United States of America,"ƒåesk√Ω, Nederlands, English, Deutsch, Italiano","Hiten Patel, Clare Dunne, Kristen Alminta, H√©l√®ne Cardona, Jaylen Davis, Dawn Michelle King, Davina Sitaram, Zach Barack, Roman Ibragimov, Charlie Esqu√©r, Michael de Roos, Joakim Skarli, Anjana Vasan, Giuseppe Andriolo, Remy Hii, Mari Alexandrova, Joshua Sinclair-Evans, Chris Hyacinthe, Samuel L. Jackson, Camille Kinloch, Karen-J Sear, Tom Holland, Kimberly Collison, Tyler Luke Cunningham, Luigi Boccanfuso, Vincent Angel, Jessica VanOss, Brian Law, Maurice Sardison, Sokol Cahani, Zendaya, Meagan Holder, Gavin Lee Lewis, Peter Arpesella, Michael Hennessy, Peter Billingsley, Lucas Antoine Starrets, Nicholas Gleaves, Emily Ng, Marisa Tomei, Peter Bankol√©, Toni Garrn, Vincent Frattini, Numan Acar, Graham Burton, Sergio Pierattini, Annie Pisapia, G√©raldine Lamarre, Amanda Musso, Anton√≠n Ma≈°ek, Jivan Xander Ramesh, Nicholle Hembra, Faith Tarby, Sean Coleman, Andrew Dunkelberger, Jo Wheatley, Sofia Renee, Martin Starr, Luigi Petrazzuolo, Kristianne-Kaith Domingo, Keon Kendrick, Kat Leroy, Michael Iacono, J.K. Simmons, Lasco Atkins, Cailan Robinson, Joe David Walters, Timothy Christian Jansen, Evelyn Mok, Daniel Olson, Paolo Braghetto, Sitara Attaie, Rich Lawton, Bruno Bilotta, Ruth Clarson, Dian Cathal, Patrick Loh, Brendan Murphy, Yasmin Mwanza, Hannah Kurczeski, Jake Cerny, Aristou Meehan, Ken Byrd, Tiziana Coste, Victoria Coburn, Samantha Mishinski, Ketan Majmudar, Patrick Doran, Cobie Smulders, Thomas Goodridge, Tony Mardon, Sebasti√°n Viveros, Daniel Ryves, Ben Mendelsohn, Anthony Molinari, Blair Barnette, Giada Benedetti, Rocco Wu, Angourie Rice, Jake Gyllenhaal, Massi Furlan, Melissa Beth Miller, Michal Kubal, Alessandro Giuggioli, Cynthia Garbutt, Pat Kiernan, Ria Fend, Ilya Tank Shilov, Lesdy Vanessa, Tony Revolori, Jan-Paul Buijs, JB Smoove, Luk√°≈° Bech, Zoha Rahman, Anna Benamati, Joseph Long, Ray Rosario, Jimena Larraguivel, Emily Tebbutt, Tatiana Lunardon, Ferroz Fernandez, Sam Chuck, Claire Rushbrook, Sonia Goswami, Mike Ray, Petr Opava, Bradley Wj Miller, Adrian Mozzi, Sharon Blynn, Shari Abdul, Jon Favreau, Tuwaine Barrett, Daphne Cheung, Jorge Lendeborg Jr., Aleksandrs Petukhovs, Theo Ip, Dante Brattelli, Jacob Batalon, Jeroen van Koningsbrugge, Darren Lee Campbell",Jon Watts,Matthew J. Lloyd,"Joe Simon, Steve Ditko, Chris McKenna, Erik Sommers, Stan Lee, Jack Kirby","Matt Tolmach, Louis D'Esposito, Rachel O'Connor, Amy Pascal, Eric Hauserman Carroll, Victoria Alonso, Avi Arad, Stan Lee, Kevin Feige, Thomas M. Hammel",Michael Giacchino,7.3,617892,/4q2NNj4S5dG2RLF9CpXsej7yXl.jpg,6,2019,26
497698,Black Widow,7.2,10843,Released,2021-07-07,379751131,134,200000000,tt3480822,en,Black Widow,"Natasha Romanoff, also known as Black Widow, confronts the darker parts of her ledger when a dangerous conspiracy with ties to her past arises. Pursued by a force that will stop at nothing to bring her down, Natasha must deal with her history as a spy and the broken relationships left in her wake long before she became an Avenger.",8.5604,Her world. Her secrets. Her legacy.,"Action, Adventure, Science Fiction",Marvel Studios,United States of America,"English, P—É—Å—Å–∫–∏–π","Cali Nelle, Valentina Herrera, Fiona Griffiths, C.C. Smiff, Judit Varga-Szathmary, Scarlett Johansson, Liani Samuel, Nanna Blondell, Dawid Szatarski, Robert Pralgo, Shawarah Battles, Shaina West, Dale Liner, Martin Razpopov, Andrew Byron, Nina Novich, Lewis Young, Jordyn Curet, Olga Kurylenko, Jade Ma, Claudia Heinz, Lucy Cork, Marcel Dorian, O-T Fagbenle, Danielle Jalade, Lucy-Jayne Murray, Violet McGraw, Ed Ashe, Jade Xu, Tabby Bond, Geoffrey D. Williams, Julia Louis-Dreyfus, Rob Horrocks, Rachel Weisz, Joakim Skarli, Lauren Okadigbo, Caister Myung Choi, Simona Zivkovska, Luigi Boccanfuso, Yuuki Luna, Paul O'Kelly, Ione Butler, Obie Matthew, Erin Jameson, Fatou Bah, Jeremy Renner, David Harbour, Ty Hurley, Liran Nathan, Madeleine Nicholls, Zolt√°n Nagy, William Hurt, Florence Pugh, Sophie Colgrove, Kurt Yue, Josh Henry, Aubrey Cleland, Ray Winstone, Aria Brooks, Ever Anderson, Clem So, Eniko Fulop, Yasmin Riley, Jose Miguel Vasquez, Aur√©lia Agel, Zhan√® Samuels, Noel Krisztian Kozak, Ryan Kiera Armstrong, Oliver Simms, Kalina Vanska, Jacinte Blankenship, Yolanda Lynes, Georgia Curtis, Douglas Robson, Olivier Richters, Stephen Samson, Graham Kitchen, Gavin Lee Lewis, Michelle Lee, Ian Wilson",Cate Shortland,Gabriel Beristain,"Jac Schaeffer, Ned Benson, Eric Pearson","Scarlett Johansson, Kevin Feige, Victoria Alonso, Brad Winderbaum, Louis D'Esposito",Lorne Balfe,6.6,466388,/7JPpIjhD2V0sKyFvhB9khUMa30d.jpg,7,2021,27
566525,Shang-Chi and the Legend of the Ten Rings,7.5,10022,Released,2021-09-01,432243292,132,150000000,tt9376612,en,Shang-Chi and the Legend of the Ten Rings,Shang-Chi must confront the past he thought he left behind when he is drawn into the web of the mysterious Ten Rings organization.,10.0442,You can't outrun your destiny.,"Action, Adventure, Fantasy",Marvel Studios,United States of America,"English, ÊôÆÈÄöËØù","Awkwafina, Simu Liu, Dee Bradley Baker, Tsai Chin, Stella Ye, Lydia Sarks, Jodi Long, Jayden Tianyi Zhang, Stephanie Hsu, Fala Chen, Johnny Carr, Elodie Fong, Michelle Yeoh, Benjamin Wang, Tim Roth, Bingchen Ye, Raymond Ma, Michael-Anthony Taylor, Jade Xu, Louis Abdilla, Arnold Sun, Shelley Xu, Zhang Chongwei, David Chea, Dallas Liu, Tony Leung Chiu-wai, John Harding, Florian Munteanu, Thau Shen Lim, Zhou Yeye, Mark Ruffalo, Lynette Curran, Ben Kingsley, Alistair Bates, Brie Larson, Lau Ga-Yung, Ronny Chieng, Daniel Liu, Andy Le, Kunal Dudheker, Harmonie He, Fernando Chien, Yuen Wah, Paul He, Zach Cherry, Benedict Wong, Meng'er Zhang",Destin Daniel Cretton,Bill Pope,"Steve Englehart, Jim Starlin, Andrew Lanham, David Callaham, Destin Daniel Cretton","Jonathan Schwartz, Victoria Alonso, Kevin Feige, Charles Newirth, Louis D'Esposito",Joel P. West,7.3,476907,/d08HqqeBQSwN8i8MEvpsZ8Cb438.jpg,9,2021,35
524434,Eternals,6.8,8809,Released,2021-11-03,402064899,156,200000000,tt9032400,en,Eternals,"The Eternals are a team of ancient aliens who have been living on Earth in secret for thousands of years. When an unexpected tragedy forces them out of the shadows, they are forced to reunite against mankind‚Äôs most ancient enemy, the Deviants.",11.219,In the beginning...,"Science Fiction, Action, Adventure",Marvel Studios,United States of America,"ÿßŸÑÿπÿ±ÿ®Ÿäÿ©, English, ‡§π‡§ø‡§®‡•ç‡§¶‡•Ä, Latin, Espa√±ol","Umair Mufti, Sebastian Senior, Anthony Pius, Jenny Sepiere, Barry Keoghan, Sneya Rajani, Abhishek Mukherjee, Alan Scott, Vladimirs Kozevnikovs, Harry Styles, Sarshi Soni, Don Lee, Alberto Rodr√≠guez, Shiva Raichandani, Amran Hussain, Ascension Martinez Rubio, Manuel Pazhedath, Bill Skarsg√•rd, Anushka Conway, Salma Hayek Pinault, Tarique Pacheco, Nidhi Joshi, Amar Bains, Kumail Nanjiani, Mahershala Ali, Kit Harington, Priyanka Chauhan, Vibhuti-Sheena Patel, Monsur Ali, Harkiran Virdee, Lauren Ridloff, Giursaran Kohli, Chrisoulla Spyrindonos, Derek Horsham, Priyani Elleni Shah, Gurpreet Sian, Reuben George, Saaj Raja, Ismail Mughal, Grahame Fox, Sanjay Dattani, Digvijay Rathod, Ozer Ercan, Medhavi Patel, Shreya Vadnerkar, Hari Patel, Ramzan Miah, Richard Madden, Hannah Dodd, Orson Rosenberg, Aaron Mistry, Nisha Aaliya, Aakash Shukal, Brian Tyree Henry, Zain Al Rafeea, Rickesh Chauhan, Yanich Gharity, Sherisse Bisram, Anekha Pillai, Bhavini Sheth, Ankush Saigal, Charithra Chandran, Ariadna Vadillo Soto, Krupali Khimasia, Adri√† Escudero, Marissa Hussain, Chloe Stannage, Esha Jass, Harish Patel, Lia McHugh, Brenda Lorena Garcia, David Kaye, Nikkita Chadha, Shamina Patel, Angelina Jolie, Amun Bhacu, Jeff Mirza, Kaajel Patel, Esai Daniel Cross, Shahazan Miah, Gemma Chan, Lucia Efstathiou, Haaz Sleiman, Patton Oswalt, Sonal Chakrauaratl, Eddie Saleem, Sebasti√°n Viveros",Chlo√© Zhao,Ben Davis,"Jim Starlin, Chlo√© Zhao, Ryan Firpo, Jack Kirby, Kaz Firpo, Patrick Burleigh","Louis D'Esposito, Victoria Alonso, Kevin De La Noy, Nate Moore, Kevin Feige",Ramin Djawadi,6.2,418364,/lFByFSLV5WDJEv3KabbdAF959F2.jpg,11,2021,44
634649,Spider-Man: No Way Home,7.9,21259,Released,2021-12-15,1921847111,148,200000000,tt10872600,en,Spider-Man: No Way Home,"Peter Parker is unmasked and no longer able to separate his normal life from the high-stakes of being a super-hero. When he asks for help from Doctor Strange the stakes become even more dangerous, forcing him to discover what it truly means to be Spider-Man.",16.732,Enter the Multiverse.,"Action, Adventure, Science Fiction","Marvel Studios, Pascal Pictures, Columbia Pictures",United States of America,"English, ","Alfred Molina, Jonathan Sam, Frederick A. Brown, Tom Hardy, Benedict Cumberbatch, Cristo Fern√°ndez, Benedict Wong, Charlie Cox, Gabriella Cila, Gary Weeks, JB Smoove, B. Clutch Dunlap, Willie D. Burton, Glenn Keogh, Rolando Fernandez, Marisa Tomei, Andrew Garfield, Emily Fong, Anisa Nyell Johnson, Paris Benjamin, Robert Tinsley, Andrew Dunlap, Thomas Haden Church, Michael Le, Arian Moayed, Jacob Batalon, Taylor St. Clair, Willem Dafoe, Robert Mitchel Owenby, Tobey Maguire, Edward Force, Carol Anne Dines, Jay Karales, Ben VanderMey, Hannibal Buress, Regina Ting Chen, Jon Favreau, Darnell Appling, Mary Rivera, Clay Savage, Harry Holland, Minnah Dunlap, Angourie Rice, Rhys Ifans, Rudy Eisenzopf, Kathleen Cardoso, Tom Holland, Haroon Khan, Zany Dunlap, Cole Failing, Dean Meminger, Mallory Hoff, Zendaya, Jwaundace Candece, Greg Clarkson, Jamie Foxx, Paula Newsome, Martin Starr, J.K. Simmons, Gregory Konow, Justin East, John M. Maiers, Tony Revolori",Jon Watts,Mauro Fiore,"Stan Lee, Chris McKenna, Erik Sommers, Steve Ditko","Kevin Feige, Louis D'Esposito, JoAnn Perritano, Matt Tolmach, Avi Arad, Amy Pascal, Victoria Alonso, Rachel O'Connor",Michael Giacchino,8.2,985761,/1g0dhYtq4irTY1GPXvft6k4YLjm.jpg,12,2021,50
453395,Doctor Strange in the Multiverse of Madness,7.2,9863,Released,2022-05-04,955775804,126,290000000,tt9419884,en,Doctor Strange in the Multiverse of Madness,"Doctor Strange, with the help of mystical allies both old and new, traverses the mind-bending and dangerous alternate realities of the Multiverse to confront a mysterious new adversary.",11.2618,Enter a new dimension of Strange.,"Fantasy, Action, Adventure","Marvel Studios, Kevin Feige Productions",United States of America,"ÂπøÂ∑ûËØù / Âª£Â∑ûË©±, English, Espa√±ol","Alan Leong, Yasmin Chadwick, Andr√© Layne, Benedict Cumberbatch, Jordan Alexandra, Gregory Fung, Benedict Wong, Audrey Wasilewski, Joshua Peace, Michael Stuhlbarg, Aliyah Camacho, Cecilia Appiah, Bruce Campbell, Jett Klyne, Victoria Sterling, Hayley Atwell, Richie Palmer, Christian Rummel, David K.S. Tse, Anson Mount, Nuakai Aru, Julian Hilliard, Charlie Norton, Yenifer Molina, Chess Lopez, Joshmaine Joseph, Vinny Moli, Sheila Atim, Lashana Lynch, Orphee Sidibe, Ross Marquand, Ella Bardot, Daniel Swain, Elizabeth Olsen, Chiwetel Ejiofor, Ruth Livier, Anthony Knight, Gabriella Cooper-Parsons, Rachel McAdams, Adam Hugill, Xochitl Gomez, Bridget Hoffman, Stephen Samson, Michael Waldron, Victoria Grove, John King, Momo Yeung, Topo Wresniwiro, John Krasinski, Eden Nathenson, Kevin Dalton, Scott Spiegel, Nina Jalava, Andrew Morgado, Andy Bale, Charlize Theron, Jessica Pennington, Patrick Stewart, Ako Mitchell, Bobbie Little",Sam Raimi,John Mathieson,"Stan Lee, Michael Waldron, Steve Ditko","Kevin Feige, Louis D'Esposito, Scott Derrickson, Eric Hauserman Carroll, Victoria Alonso, Jamie Christopher",Danny Elfman,6.9,530699,/ddJcSKbcp4rKZTmuyWaMhuwcfMz.jpg,5,2022,18
616037,Thor: Love and Thunder,6.393,8177,Released,2022-07-06,760900000,119,250000000,tt10648342,en,Thor: Love and Thunder,"After his retirement is interrupted by Gorr the God Butcher, a galactic killer who seeks the extinction of the gods, Thor Odinson enlists the help of King Valkyrie, Korg, and ex-girlfriend Jane Foster, who now wields Mjolnir as the Mighty Thor. Together they embark upon a harrowing cosmic adventure to uncover the mystery of the God Butcher‚Äôs vengeance and stop him before it‚Äôs too late.",13.1057,The one is not the only.,"Fantasy, Action, Comedy","Marvel Studios, Kevin Feige Productions",United States of America,English,"Jaimie Alexander, Ava Caryofyllis, Kim Thien Doan, Dave Bautista, Zali Mae Harrison, Jessica May Lynne, Nicole Milinkovic, Priscilla Doueihy, Evan Stanhope, Rafael Siemer, Janessa Dufty, Bo Chambers, Simona Paparelli, Indiana Ierano, Chanique Greyling, Samson Alston, Ben Falcone, Sean Gunn, Kuni Hashimoto, David Hambly, Zhang Chongwei, Andrew Crawford, Suren Jayemanne, Gabriel Siemer, Simone Landers, Te Kainga O'Te Hinekahu Waititi, Victoria Ferrara, Yure Covich, Olivia Vasquez, Chris Pratt, Mayzie Winderbaum, Chlo√© Gouneau, Alanis Long Borrello, Alan Dukes, Carly Rees, Rex Bale, Eliza Matengu, Corban Ierano, Chris Hemsworth, Briegh Winderbaum, Indiana Evans, Matewa Kiritapu Waititi, Kat Dennings, Elsa Pataky, India Rose Hemsworth, Luc Barrett, Johnny Nasser, Stephen Curry, Jenna Owen, Aleph Millepied, Leeton Alan Ingrey, Hannah Gray, Nico Cortez, Kaan Guldur, Arias Vang, Imaan Hadchiti, Sienna Ngeru, Jane Yubin Kim, Dianne Close, Dave Cory, Gemma Dart, Ben Sinclair, Bobby Holland Hanton, Melissa McCarthy, Garth Wood, Alan Tsibulya, Natalie Portman, Vin Diesel, Simon Russell Beale, Stephen Hunter, Jacob Yee, Luca Darda, Kieron L. Dyer, Indeia Booc, Xander Mouradian, Chayla Korewha, Tessa Thompson, Cayla Sutherland, Clariza Vicente, Bradley Cooper, Matt Damon, Nazih Kheir, Carmen Foon, Natasha Cheng, Shari Sebbens, Brooke Satchwell, Brett Goldstein, Zia Kelly, Daley Pearson, Russell Crowe, Tatyana Gillam, Molly Moriarty, Idris Elba, Tui Vincent, Cameron Chapek, Victoria Zerbst, Amalia Millepied, Taika Waititi, Alan Spies, Tristan Hemsworth, Manny Spero, Arka Das, Stellan Skarsg√•rd, Elsa Rodrigo-Porter, Justin Paul Hitchcock, Jaimee Rose Lynn, Matatia Foa'i, Emmeline Luka Bale, Jonny Brugh, Sam Neill, Ava Rodrigo-Porter, Izaac Winderbaum, Samantha Allsop, Adam Todd, Josh Heuston, Christian Bale, Rosangela Fasano, Pom Klementieff, Karen Gillan, Luke Hemsworth, Ronin Fabi, Sasha Hemsworth, Greg Mitchell",Taika Waititi,Barry Idoine,"Steve Gan, Larry Lieber, Jack Kirby, Keith Giffen, Bill Mantlo, Jennifer Kaytin Robinson, Don Heck, Stan Lee, Steve Englehart, Taika Waititi, Jim Starlin","Victoria Alonso, Brian Chapek, Kevin Feige, Brad Winderbaum, Todd Hallowell, Louis D'Esposito, Chris Hemsworth","Nami Melumad, Michael Giacchino",6.1,447909,/pIkRyD18kl4FhoCNQuWxWu5cBLM.jpg,7,2022,27
505642,Black Panther: Wakanda Forever,7.027,7097,Released,2022-11-09,859102154,162,250000000,tt9114286,en,Black Panther: Wakanda Forever,"Queen Ramonda, Shuri, M‚ÄôBaku, Okoye and the Dora Milaje fight to protect their nation from intervening world powers in the wake of King T‚ÄôChalla‚Äôs death.  As the Wakandans strive to embrace their next chapter, the heroes must band together with the help of War Dog Nakia and Everett Ross and forge a new path for the kingdom of Wakanda.",9.2241,Forever.,"Action, Adventure, Science Fiction",Marvel Studios,United States of America,"English, Fran√ßais, , Espa√±ol, ","Zainab Jah, Mabel Cadena, Alex Livinalli, Lupita Nyong'o, Florence Kasumba, Robert John Burke, Dorothy Steel, Anderson Cooper, Lieiry J. Perez Escalera, Taylor Holmes, Alan Wells, Danny Sapani, Michaela Coel, Richard Schiff, Connie Chiume, Angela Bassett, Sevyn Hill, Sal Lopez, Divine Love Konadu-Sun, Tenoch Huerta Mej√≠a, Mackenro Alexander, Valerio Dorvillen, Martin Freeman, Manuel Chavez, Leonardo Castro Sitiriche, Letitia Wright, Gavin Macon, Julia Louis-Dreyfus, Trevor Noah, Amber Harrington, D√©l√© Ogundiran, Chadwick Boseman, Michael Blake Kruse, Ivy Haralson, Judd Wild, Rudolph Massanga, Kamaru Usman, Angela Cipra, Gigi Bermingham, Floyd Anthony Johns Jr., Marija Abney, Zola Williams, Shawntae Hughes, Danai Gurira, Corey Hibbert, Janeshia Adams-Ginyard, Justin James Boykin, Jemini Powell, Magatte Saw, Juan Carlos Cantu, Lake Bell, Bill Barrett, Jonathan Gonz√°lez Collins, Jermaine Brantley, Dominique Thorne, Jabari Exum, Sope Aluko, Mar√≠a Mercedes Coroy, Skylar Ebron, Granger Summerset II, Keisha Tucker, Gerardo Aldana, Baaba Maal, Irma Estella La Guerre, Zaiden James, Mar√≠a Tel√≥n, Aba Arthur, Winston Duke, Shawn Roberts, Isaach de Bankol√©, Massamba Diop, Kevin Changaris, Michael B. Jordan, T. Love, Maya Macatumpag, Don Castor, Faya Madrid, Luke Lenza, Josu√© Maychi",Ryan Coogler,Autumn Durald Arkapaw,"Joe Robert Cole, Stan Lee, Jack Kirby, Ryan Coogler","Kevin Feige, Victoria Alonso, Nate Moore, Barry H. Waldman, Louis D'Esposito",Ludwig G√∂ransson,6.6,343864,/sv1xJUazXeYqALzczSZ3O6nkH75.jpg,11,2022,45
640146,Ant-Man and the Wasp: Quantumania,6.3,5489,Released,2023-02-15,476071180,125,200000000,tt10954600,en,Ant-Man and the Wasp: Quantumania,"Super-Hero partners Scott Lang and Hope van Dyne, along with with Hope's parents Janet van Dyne and Hank Pym, and Scott's daughter Cassie Lang, find themselves exploring the Quantum Realm, interacting with strange new creatures and embarking on an adventure that will push them beyond the limits of what they thought possible.",7.1325,Witness the beginning of a new dynasty.,"Action, Adventure, Science Fiction","Marvel Studios, Kevin Feige Productions",United States of America,English,"Michelle Pfeiffer, Judy Jeffrey, Katy O'Brian, Osian Roberts, Tess Aubert, Nicola Peluso, Bill Murray, Jamie Andrew Cutler, Michael Douglas, Mark Weinman, Grahame Fox, Matthew Wood, Tom Scharpling, Tom Clark, Mia Gerstel, Ruben Rabasa, Randall Park, Evangeline Lilly, Jonathan Majors, David J. Castillo, Roger Craig Smith, Leonardo Taiwo, Tracy Jeffrey, Alan Heitz, William Jackson Harper, John Nayagam, Russell Balogh, Liran Nathan, Adam Sai, Ryan Bergara, Ross Mullan, David Dastmalchian, Cathy Chan, Briza Covarrubias, Loveday Smith, Harrison Daniels, Aisling Mara Andreica, Leon Cooke, Paul Rudd, Durassie Kiangangu, John Townsend, Milton Lopes, Jakari Fraser, Esther McAuley, Kathryn Newton, Tom Hiddleston, Corey Stoll, Nathan Blees, Owen Wilson, Greta Nayagam, Jamie Sai, Gregg Turkington, Mark Oliver Everett, Melanie Garcia, Dey Young, Jake Millgard, Sam Symons, Lucas Gerstel, Dinah Jeffrey, Brahmdeo Shannon Ramana, Patricia Belcher, Sierra Katow, Marielle Scott, Sir Cornwell",Peyton Reed,Bill Pope,"Stan Lee, Jeff Loveness, Jack Kirby, Larry Lieber, Ernie Hart, Andrew Reiber","Victoria Alonso, Louis D'Esposito, Kevin Feige, Stephen Broussard, Kevin De La Noy","Michael Paraskevas, Christophe Beck",6.0,261071,/qnqGbB22YJ7dSs4o6M7exTpNxPz.jpg,2,2023,7
447365,Guardians of the Galaxy Vol. 3,7.932,7779,Released,2023-05-03,845550000,150,250000000,tt6791350,en,Guardians of the Galaxy Vol. 3,"Peter Quill, still reeling from the loss of Gamora, must rally his team around him to defend the universe along with protecting one of their own. A mission that, if not completed successfully, could quite possibly lead to the end of the Guardians as we know them.",12.8913,Once more with feeling.,"Science Fiction, Adventure, Action, Comedy","Marvel Studios, Kevin Feige Productions",United States of America,English,"Grecia Balboa, Scarlett Blum, Sarah Anne, Reinaldo Faberlle, Dane DiLiegro, Gregg Henry, Dave Bautista, Sarah Alami, Michael Rosenbaum, Brooklyn Skye Oliver, Murphy Weed, Asim Chaudhry, Alexis Hadesty, Kyle Mclean, James Gunn, Terence Rosemore, John William Wright, Bradley Cooper, Max Bickelhaup, Tara Strong, Yael Ocasio, Nico Santos, Austin Freeman, Elizabeth Debicki, Chris Pratt, Elan Gale, Benjamin Byron Davis, Sylvester Stallone, Christopher Fairbank, Joe Daru, Miriam Shor, Emery Grilliot, Pete Davidson, Michelle Civile, Randy Havens, Kai Zen, Adelynn Spoon, Diego Ward, Skylar Huntley, Nathan Fillion, Tara Warren, Jonathan Mercedes, Renae Moneymaker, Chukwudi Iwuji, Hanna Pak, Adriana Leonard, Karen Abercrombie, Dee Bradley Baker, Michael Rooker, Karen Gillan, Rhett Miller, Will Poulter, Jessica Fontaine, Amelia Waters, Jared Leland Gore, Elodie Clarke, Stephen Blackehart, Vin Diesel, Lloyd Kaufman, Natalia Safran, Linda Cardellini, Jasmine Munoz, Noa Raskin, Giovannie Cruz, Sean Gunn, Jennifer Holland, Seth Green, Judy Greer, Molly C. Quinn, Jonathan Fritschi, Darla Delgado, Bonnie Discepolo, Tiffany Smith, Mikaela Hoover, Henry Heffernan, Daniela Melchior, Pom Klementieff, Will Gunn, Ken Lyle, Clare Grant, Zoe Salda√±a, Baby Dro, Caleb Spillyards, Grace Gunn, Gerardo Davila, Maria Bakalova, Brandon Morales, Candi VandiZandi, Autumn Griffin",James Gunn,Henry Braham,"Steve Gan, John Buscema, Larry Lieber, Stan Lee, Bill Mantlo, Sal Buscema, Jim Starlin, Steve Englehart, Roger Stern, Keith Giffen, Jack Kirby, Don Heck, James Gunn","Nik Korda, Kevin Feige, Victoria Alonso, Simon Hatt, Sara Smith, Louis D'Esposito",John Murphy,7.9,452150,/r2J02Z2OpNTctfOSN1Ydgii51I3.jpg,5,2023,18
609681,The Marvels,6.0,3144,Released,2023-11-08,206136825,105,274800000,tt10676048,en,The Marvels,"When her duties send her to an anomalous wormhole linked to a Kree revolutionary, Carol's powers become entangled with that of Jersey City super-fan Kamala Khan, aka Ms. Marvel, and Carol's estranged niece, now S.A.B.E.R. astronaut Captain Monica Rambeau. Together, this unlikely trio must team up and learn to work in concert to save the universe.",7.4643,Higher. Further. Faster. Together.,"Science Fiction, Adventure, Action","Marvel Studios, Kevin Feige Productions",United States of America,"English, ÿßÿ±ÿØŸà","Hansen Burton, Zenobia Shroff, Daniel Monteiro, Iman Vellani, Rachel John, Alex Hughes, Remi Dabiri-McQuaid, Hailee Steinfeld, Shardiah Ssagala, Gary Lewis, Ffion Jolly, Tessa Thompson, Abraham Popoola, Cecily Cleeve, Samuel L. Jackson, Lashana Lynch, Fikayo Ifarajimi, Daniel Ings, Kennedy McCallum-Martin, Saagar Shaikh, Savannah Skinner-Henry, Teyonah Parris, Leila Farzad, Shereen Walker, Kya Garwood, Jett Klyne, Zawe Ashton, Park Seo-jun, Mohan Kapur, Kelsey Grammer, Brie Larson",Nia DaCosta,Sean Bobbitt,"Megan McDonnell, Nia DaCosta, Elissa Karasik","Victoria Alonso, Louis D'Esposito, Kevin Feige, Matthew Jenkins, Mary Livanos, Jonathan Schwartz",Laura Karpman,5.5,157753,/9GBhzXMFjgcZ3FdR9w3bUMMTps5.jpg,11,2023,45
533535,Deadpool & Wolverine,7.571,7906,Released,2024-07-24,1338073645,128,200000000,tt6263850,en,Deadpool & Wolverine,"A listless Wade Wilson toils away in civilian life with his days as the morally flexible mercenary, Deadpool, behind him. But when his homeworld faces an existential threat, Wade must reluctantly suit-up again with an even more reluctant Wolverine.",27.9481,Come together.,"Action, Comedy, Science Fiction","Marvel Studios, Maximum Effort, 21 Laps Entertainment, 20th Century Studios, Kevin Feige Productions, TSG Entertainment",United States of America,English,"Nick Pauley, Chloe Kibble, Ryan Reynolds, Aaron W Reed, Rob Mac, Daniel Medina Ramos, Sonita Henry, Wunmi Mosaku, Dafne Keen, James Dryden, Leslie Uggams, Matthew McConaughey, Ryan McKen, Billy Clements, Brianna Hildebrand, Mike Waters, Eduardo Gago Mu√±oz, Stefan Kapiƒçiƒá, Jon Favreau, Aydin Ahmed, Leemore Marrett Jr., Ayesha Hussain, Harry Holland, Kevin Fortin, Jade Lye, OIin Reynolds, Nilly Cetin, Rob Delaney, Karan Soni, Emma Corrin, Alex Kyshkovych, Ollie Palmer, Greg Hemphill, Randal Reeder, Curtis Rowland Small, Jessica Walker, James Reynolds, Matthew Macfadyen, Wesley Snipes, Lewis Tan, Ed Kear, Nathan Fillion, Aaron Stanford, Henry Cavill, Paul Mullin, Paul G. Raymond, Hugh Jackman, Morena Baccarin, Nanak Phlora, Luke Bennett, Tyler Mane, Blake Lively, Chris Evans, Jennifer Garner, Inez Reynolds, Channing Tatum, Shioli Kutsuna",Shawn Levy,George Richmond,"Len Wein, Ryan Reynolds, Herb Trimpe, Fabian Nicieza, Rhett Reese, Zeb Wells, John Romita Sr., Rob Liefeld, Paul Wernick, Roy Thomas, Shawn Levy, Andrew Reiber","Ryan Reynolds, Wendy Jacobson, Kevin Feige, Rhett Reese, Shawn Levy, George Dewey, Simon Kinberg, Paul Wernick, Jonathon Komack Martin, Lauren Shuler Donner, Josh McLaglen, Mary McLaglen, Louis D'Esposito",Rob Simonsen,7.5,537306,/8cdWjvZQUExUUTzyp4t6EDMubfO.jpg,7,2024,30
822119,Captain America: Brave New World,6.0,2737,Released,2025-02-12,415101577,119,180000000,tt14513804,en,Captain America: Brave New World,"After meeting with newly elected U.S. President Thaddeus Ross, Sam finds himself in the middle of an international incident. He must discover the reason behind a nefarious global plot before the true mastermind has the entire world seeing red.",19.4591,The future favors the brave.,"Action, Thriller, Science Fiction","Marvel Studios, Kevin Feige Productions",United States of America,"English, Êó•Êú¨Ë™û, Espa√±ol","Marissa Chanel Hampton, Sandra Aparicio, Mark Pettit, Todd Allen Durkin, Matthew Cornwell, Ben Vazquez, Yaz Takahashi, Chealon Miller, Will A. Holland, Bill Stinchcomb, Eric Mbanda, David Atkinson, Carl Lumbly, Pete Burris, Katina Rankin, Alan Boell, Liv Tyler, Josh Robin, Ricky Robles Cruz, Danny Ramirez, Tim Blake Nelson, John Mark Bowman, John Cihangir, John N. Dixon, Diesel Madkins, Xosha Roquemore, J√≥hannes Haukur J√≥hannesson, Travis Powers, Josh Robert Thompson, Koji Nishiyama, Robert Tretsch, Ariana Lugo, Rick Espaillat, Rachael Markarian, Gabriela Amarchand, Harrison Ford, Sharon Tazewell, Ava Hill, Tomoko Karina, Erika Keck, Sebastian Stan, Cris Ruiz, Jacqueline Loucks, Dustin Lewis, Jarrett Michael Collins, Katerina Eichenberger, Anthony Mackie, William Mark McCullough, Harsh Nayyar, Trevor Feinstein, Shira Haas, Takehiro Hira, Hector Banos, Giancarlo Esposito, Phuong Kubacki",Julius Onah,Kramer Morgenthau,"Julius Onah, Rob Edwards, Malcolm Spellman, Dalan Musson, Joe Simon, Jack Kirby, Peter Glanz","Charles Newirth, Kevin Feige, Nate Moore, Anthony Mackie, Louis D'Esposito",Laura Karpman,5.6,169353,/pzIddUEMWhWzfvLI3TwxUG2wGoi.jpg,2,2025,7
986056,Thunderbolts*,7.313,2867,Released,2025-04-30,382436917,127,180000000,tt20969586,en,Thunderbolts*,"After finding themselves ensnared in a death trap, seven disillusioned castoffs must embark on a dangerous mission that will force them to confront the darkest corners of their pasts.",21.5441,Everyone deserves a second shot.,"Action, Science Fiction, Adventure","Marvel Studios, Kevin Feige Productions",United States of America,"English, Italiano, P—É—Å—Å–∫–∏–π","Hannah John-Kamen, Lewis Pullman, Chris Bauer, Harrison Russell, Chris Heeder, Danielle DeBrock, David Harbour, Molly Carden, Violet McGraw, Jennifer Chung, Alexa Swinton, Chiara Stella, Anny Jules, Charlotte Ann Tucker, Georgui Kasaev, Gabrielle Byndloss, Phong Giang, Julia Aku, Florence Pugh, Chad Gall, Stefano Carannante, Gianfranco Terrin, Mackensi Emory, Geraldine Viswanathan, Julia Louis-Dreyfus, Matt Einhorn, Wendell Pierce, Clayton Cooper, Regina Ting Chen, Sebastian Stan, Mallory Hoff, Eric Lange, Olga Kurylenko, Kelvin Witherspoon, Alexander Roberts, Wyatt Russell, Joshua Mikel, Robert Germar",Jake Schreier,Andrew Droz Palermo,"Mark Bagley, Kurt Busiek, Stan Lee, Eric Pearson, Joanna Calo, Paul Jenkins, Joe Simon, Jack Kirby, Jae Lee","Brian Chapek, Louis D'Esposito, Kevin Feige, Jason Tamez","Rafiq Bhatia, Ryan Lott, Ian Chang",7.1,238846,/hqcexYHbiTBfDIdDWxrxPtVndBX.jpg,4,2025,18
617126,The Fantastic Four: First Steps,7.081,2317,Released,2025-07-23,520652419,115,200000000,tt10676052,en,The Fantastic 4: First Steps,"Against the vibrant backdrop of a 1960s-inspired, retro-futuristic world, Marvel's First Family is forced to balance their roles as heroes with the strength of their family bond, while defending Earth from a ravenous space god called Galactus and his enigmatic Herald, Silver Surfer.",114.2105,Welcome to the family.,"Science Fiction, Adventure, Action","Marvel Studios, Kevin Feige Productions",United States of America,"English, ozbek","Savannah Ffrench, Julia Garner, Rebecca Staab, Mather Zickel, Krysten Peck, Alex J Sturman, Nahum McLean, Edward Bennett, Dana Myzer, Russ Whismore, Kasra Farahani, Ortis Deley, Isaiah Oyedele, Joseph Davidson, Nathaniel Brimmer-Beller, Iverson Yabut, Isla McRae, Dale Mathurin, Vienna Norris, Ebon Moss-Bachrach, Greg Haiste, Louis Sparks, Mark Weinman, Lizzie Clarke, Martin Wilkinson, Ankur Bahl, Eric Stroud, John Schwab, Dede Ma, Michael Bailey Smith, Vanessa Kirby, Ralph Ineson, Richard Summers-Calvert, Arina Ii, Kiff VandenHeuvel, Robert Downey Jr., Sarah Niles, Fintan Shevlin, Cecilia Blair, Iliana Norris, Corey Burton, Grace Durkin, Redmand Rance, Mark Gatiss, Ecow Smith-Asante, Jay Underwood, Maisie Shakman, Macaulay Cooper, Paul Walter Hauser, Riotafari Gardner, Bertie Caplan, Aamaya Oyedele, Pedro Pascal, Hunter del Valle Marfo, Joseph Quinn, Matthew Wood, Max Lester, Firdous Bamji, Ihla Omohegbe, Sarah Mardel, Alex Hyde-White, Simon Thorp, Ada Scott, Florence Odumosu, Angela Jones, Jack Parker, Natasha Lyonne, Cheyenne Dasri, Patrick Miller, Patricia Garc√≠a Rodr√≠guez",Matt Shakman,Jess Hall,"Jeff Kaplan, Stan Lee, Eric Pearson, Josh Friedman, Jack Kirby, Ian Springer, Kat Wood","Kevin Feige, Robert Kulzer, Grant Curtis, Louis D'Esposito, Tim Lewis",Michael Giacchino,7.0,194620,/cm8TNGBGG0aBfWj0LgrESHv8tir.jpg,7,2025,30
