id,title,vote_average,vote_count,status,release_date,revenue,runtime,budget,imdb_id,original_language,original_title,overview,popularity,tagline,genres,production_companies,production_countries,spoken_languages,cast,director,director_of_photography,writers,producers,music_composer,imdb_rating,imdb_votes,poster_path,release_month,release_year,iso_week,title_clean,distance,strength,score,marvel_movie
670292,The Creator,7.0,3535,Released,2023-09-27,104272136,134,80000000,tt11858890,en,The Creator,"Amid a future war between the human race and the forces of artificial intelligence, a hardened ex-special forces agent grieving the disappearance of his wife, is recruited to hunt down and kill the Creator, the elusive architect of advanced AI who has developed a mysterious weapon with the power to end the war‚Äîand mankind itself.",7.7387,This is a fight for our very existence.,"Science Fiction, Action, Adventure","new regency pictures, entertainment one, regency enterprises, bad dreams productions","Canada, United States of America","Êó•Êú¨Ë™û, English, ‡∏†‡∏≤‡∏©‡∏≤‡πÑ‡∏ó‡∏¢, Ti·∫øng Vi·ªát","Veronica Ngo, Ken Watanabe, Eoin O'Brien, Phaithoon Wanglomklang, Natthaphong Chaiyawong, Jeb Kreager, Mackenzie Lansing, Ralph Ineson, Ian Verdun, Kulsiri Thongrung, Mav Kang, Dana Blouin, Allison Janney, Apiwantana Duenkhao, James David Henry, Monthatip Suksopha, Chananticha Chaipa, Sturgill Simpson, Tawee Teesura, Brett Bartholomew, Pongsanart Vinsiri, Madeleine Yuna Voyles, Mariam Khummaung, Gemma Chan, Sahatchai Chumrum, Molywon Phantarak, Kandanai Chotikapracal, Chalee Sankhavesa, Amar Chadha-Patel, Karen Aldridge, Stephen Howard Thomas, Elliot Berk, Marc Menchaca, Brett Parks, Daniel Ray Rodriguez, Ron Weaver, Leanna Chea, Rad Pereira, Robbie Tann, Niko Rusakov, John Garrett Mahlmeister, John David Washington, Pat Skelton, Agneta Catarina B√©kassy de B√©kas, Art Ybarra, Anjana Ghogar, Michael Esper, Charlie McElveen, Syd Skidmore, Scott Thomas, Teerawat Mulvilai, Sawanee Utoomma",Gareth Edwards,"Greig Fraser, Oren Soffer","Gareth Edwards, Chris Weitz","Natalie Lehmann, Zev Foreman, Yariv Milchan, Kiri Hart, Gareth Edwards, Jim Spencer, Michael Schaefer, Arnon Milchan, Nick Meyer",Hans Zimmer,6.7,191535,/3dSivDtOuyxLDxPH4v2tcNG1fP7.jpg,9,2023,39,the creator,-42,18.462514741424847,0.4293608079401127,the marvels
951491,Saw X,7.2,2213,Released,2023-09-27,125319714,118,13000000,tt21807222,en,Saw X,"Between the events of 'Saw' and 'Saw II', a sick and desperate John Kramer travels to Mexico for a risky and experimental medical procedure in hopes of a miracle cure for his cancer, only to discover the entire operation is a scam to defraud the most vulnerable. Armed with a newfound purpose, the infamous serial killer returns to his work, turning the tables on the con artists in his signature visceral way through devious, deranged, and ingenious traps.",5.2918,Witness the return of Jigsaw.,"Horror, Mystery","twisted pictures, lionsgate",United States of America,"English, Espa√±ol","David Alfano, Steven Brand, Shawnee Smith, Baltimore Beltr√°n, Michael Beach, Synn√∏ve Macody Lund, Bailey Guidry, Isan Beomhyun Lee, James Burg, Jorge Brise√±o, Renata Vaca, Cristo Ruiz, Craig Hurley, Paulette Hern√°ndez, Luc√≠a G√≥mez-Robledo, Donagh Gordon, Octavio Hinojosa Mart√≠nez, Kerry Ardra, Joshua Okamoto, Katie Barberi, Costas Mandylor, Sebasti√°n Torres, Natasha Goss, Tobin Bell",Kevin Greutert,Nick Remy Matthews,"Josh Stolberg, Leigh Whannell, James Wan, Pete Goldfinger","Daniel J. Heffner, Ulrich Maier, Gregg Hoffman, James Wan, Jason Constantine, Mark Burg, Leigh Whannell, Oren Koules, Ketura Kestin, Erick Ahedo",Charlie Clouser,6.6,94049,/u7Lp1Hi8aBS73jv4KRMIv5aK4ax.jpg,9,2023,39,saw x,-42,18.646378749867576,0.43363671511319946,the marvels
1190449,Extinction,7.5,2,Released,2023-09-27,303587,82,3000000,tt28513569,fa,ÿ®⁄ÜŸá ÿ≤ÿ±ŸÜ⁄Ø,"Mohsen is a young superhero enthusiast whose life takes an unexpected turn when he encounters an endangered tiger while on a family picnic near the forest. Determined to save this majestic creature from hunters, Mohsen embarks on a perilous rescue mission during which he develops a deep bond with 'Tiggy'.",0.6713,A journey to be a real hero.,Animation,"honar pooya group, magic picture films, all rights entertainment","Iran, Malaysia",ŸÅÿßÿ±ÿ≥€å,"Tooraj Nasr, Alexandre Teixeira, Javad Pezeshkian, Hooman Hajabdollahi, Wayne LeGette, Alireza Dibaj, Pooya Fahimi, Saeed Sheikhzadeh, Crystal Lopez, Katherine Clavelo, Mir Taher Mazloomi, Christopher Swindle, Ebrahim Shafie, Mahsa Erfani, Hedayat Hashemi, Romulo Bernal, Ardeshir Monazam, Hasan Kakhi, Craig Rittenhouse, Mina Ghiaspour, Maryam Radpour, Ali Hemmat Momivand, Travis Roig, Nazanin Yari, Amir Hakimi, George Petrosi, Daniel Reyes, Shayan Shambayati, Metanat Esmaili",Hadi Mohammadian,,"Mohammadali Ramezanpoor, Babak Nekooei, Hadi Mohammadian",Hamed Jafari,Mohammadreza Tavasoli Sahzevar,5.9,105,/mEgVvLbrAWguyXslB53MtOdnVhx.jpg,9,2023,39,extinction,-42,12.623426798030751,0.2935680650704826,the marvels
805785,Fukrey 3,5.7,9,Released,2023-09-28,16000000,147,3000000,tt26445483,hi,‡§´‡•Å‡§ï‡§∞‡•á 3,"In the third installment, the Fukras plan to take over Delhi, and run for city elections. However, they have no money and so they take on an international job to make a quick buck, which changes their lives forever. In the first two films, we saw them using dreams, then premonitions to make money but now they‚Äôve been gifted with a new & unique talent which is going to make them millionaires.",0.946,Ek naya chumatkar from Jamnapaar,"Comedy, Drama",excel entertainment,India,‡§π‡§ø‡§®‡•ç‡§¶‡•Ä,"Pulkit Samrat, Natasha Kamwenje, Sani Ahmed, Amit Dhawan, Lekha Prajapati, Ali Fazal, Michael Havens, Geeta Agrawal Sharma, Richa Chadha, Varun Sharma, Pankaj Tripathi, Manjot Singh, Manu Rishi Chadha",Mrighdeep Singh Lamba,Amalendu Chaudhary,"Kumaar, Abhishek Nailwal, Mrighdeep Singh Lamba, Vipul Vig, Shabbir Ahmed","Rajat Kanti Sarkar, Farhan Akhtar, Ritesh Sidhwani","Ram Sampath, Abhishek Nailwal",5.5,25802,/1E5qIvLBNrv4onx5SxnNz5Monac.jpg,9,2023,39,fukrey 3,-41,16.588099342704055,0.39495474625485844,the marvels
943134,The Animal Kingdom,6.999,843,Released,2023-10-04,9138503,127,15200000,tt16606592,fr,Le R√®gne animal,"In a world hit by a wave of mutations transforming humans into animals, Fran√ßois does everything he can to save his wife. As some of the creatures disappear into a nearby forest, he and their son √âmile embark on a quest that will change their lives forever.",4.524,All creatures crave freedom.,"Adventure, Drama, Science Fiction","studiocanal, nord-ouest films, france 2 cin√©ma, art√©mis productions","Belgium, France",Fran√ßais,"Jean Boronat, Paul Muguruza, Cl√©ment Corbiat, Nathalie Richard, Tom Mercier, S√©bastien Boissavit, Ad√®le Exarchopoulos, Saadia Benta√Øeb, Maxime Sebile, Gabriel Caballero, Louise Lehry, C√©lia Lalande, Tom Rivoire, Romain Duris, Fran√ßois-Xavier Raffier, Iliana Khelifa, Xavier Aubert, Paul Kircher, Billie Blain, Nicolas Avin√©e, Ma√´lle Benkimoun",Thomas Cailley,David Cailley,"Thomas Cailley, Pauline Munier",Pierre Guyard,Andrea Laszlo De Simone,6.7,11323,/39AiQnXlXOjoqBSkiUpTG80rXLw.jpg,10,2023,40,the animal kingdom,-35,16.028007253885132,0.4452224237190314,the marvels
897087,Freelance,6.4,1088,Released,2023-10-05,9112817,108,40000000,tt15744298,en,Freelance,"An ex-special forces operative takes a job to provide security for a journalist as she interviews a dictator, but a military coup breaks out in the middle of the interview, they are forced to escape into the jungle where they must survive.",5.8333,Retirement didn't suit him.,"Action, Comedy","endurance media, agc studios, sentient entertainment, signature films, wideangle films, lipsync productions","United States of America, United Kingdom",English,"John Cena, Andr√©s Echavarr√≠a, Pablo Daniel Rodr√≠guez, Christian Slater, Gamal Dillard, M√©lida Saviz, Tomaso Tarli, Molly McCann, Michel Farji Honlein, Juan Pablo Raba, Nelson Camayo, Diego V√°squez, Julianne Arrieta, Fiona Horsey, Alice Eve, Matt Moody, Mauricio Cujar, Alison Brie, Sebasti√°n Eslava, Daniel Toro, Yusuf Felipe Tangarife Angulo, Roberto Cano, Marton Csokas",Pierre Morel,Thierry Arbogast,Jacob Lentz,"Steve Richards, Renee Tab, Pierre Morel, Walter Josten, Christopher Tuffin, Jacob Lentz, Danny H. Chan, Jaime Hernandez, Christopher Milburn, Michael Arrieta, Stuart Ford, Miguel Palos, Lex Miron, Peter E. Strauss, Court Coursey, David Robbins, Marc Danon",Elliot Leung Ho-Yat,5.6,27958,/7Bd4EUOqQDKZXA6Od5gkfzRNb0.jpg,10,2023,40,freelance,-34,16.025192551809504,0.45786264433741436,the marvels
980026,The Promised Land,7.7,479,Released,2023-10-05,2246680,127,8500000,tt20561198,da,Bastarden,"Denmark, 1755. Captain Ludvig Kahlen sets out to conquer a Danish heath reputed to be uncultivable, with an impossible goal: to establish a colony in the name of the king, in exchange for a royal title. A single-minded ambition that the ruthless lord of the region will relentlessly seek to put down. Kahlen's fate hangs in the balance: will his endevours bring him wealth and honour, or cost him his life...?",4.4143,"A captain‚Äôs ambition, a ruthless rival, and a land that defies them both.","Action, Drama, History","zentropa international berlin, zentropa international sweden, zentropa entertainments","Denmark, Germany, Sweden","Dansk, Deutsch, Norsk, svenska","Gustav Lindh, Melina Hagberg, Kristine Kujath Thorp, Mads Mikkelsen, Amanda Collin, Jacob Ulrik Lohmann, Michael Brostrup, Patricie ≈†laufov√°, Josef Berousek, Felix Kramer, Ji≈ô√≠ Konvalinka, Zdenek Br√ºna, Martin Navr√°til, Hans Christian Lundgren, Arved Friese, Finn Nielsen, Nanna Finding Koppel, Magnus Krepper, Lise Risom Olsen, Martin Feifel, Nikol Kouklov√°, Olaf H√∏jgaard, Jan Jankovsk√Ω, Morten Burian, Morten Buus, Thomas W. Gabrielsson, Zdenƒõk Dvo≈ô√°ƒçek, Karel He≈ôm√°nek, Ivo H√°nƒõl, Laura Bilgrau Eskild-Jensen, Anna Filippa Hjarne, S√∏ren Malling, Tom√°≈° Tobola, Lasse Steen Jensen, Joen H√∏jerslev, Adam Pengsawang, Simon Bennebjerg, Kristi√°n ƒåern√≠k, Morten Hee Andersen",Nikolaj Arcel,Rasmus Videb√¶k,"Nikolaj Arcel, Anders Thomas Jensen, Ida Jessen",Louise Vesth,Dan Romer,7.7,37450,/npQgoOWn4fnvOIIyTj4rIV80FXC.jpg,10,2023,40,the promised land,-34,14.624964574021988,0.4178561306863425,the marvels
843394,Cat Person,5.7,87,Released,2023-10-06,282000,118,12000000,tt14647404,en,Cat Person,"When Margot, a college sophomore, goes on a date with the older Robert, she finds that IRL Robert doesn‚Äôt live up to the Robert she has been flirting with over texts.",3.4472,Based on the sensational New Yorker short story.,"Thriller, Comedy","studiocanal, the new yorker studios, echelon productions, 30west, imperative entertainment","France, United States of America",English,"Isabella Rossellini, Melissa Lehman, Fred Melamed, Josh Rivera, Donald Watkins, Zachary Mooren, Camille Umoff, Sammy Arechar, Joanne Joella, Nicholas Braun, Geraldine Viswanathan, Pearl Sun, Christopher Shyer, Kyle Selig, Max Jenkins, John Scherer, Michael Gandolfini, Isaac Powell, Hope Davis, Liza Koshy, Jeremy Gill, Emilia Jones, Liza Col√≥n-Zayas",Susanna Fogel,Manuel Billeter,"Michelle Ashford, Kristen Roupenian","Daniel Hank, Max Handelman, Anna Marsh, Susanna Fogel, Jeremy Steckler, Elizabeth Banks, Helen Estabrook, Rachel Henochsberg, Michelle Ashford, Shana Eddy-Grouf, Gino Falsetto",Heather McIntosh,6.0,8005,/atrfmVWmw9NPrpFSfgUE2XG7eF9.jpg,10,2023,40,cat person,-33,12.549665896013254,0.36910782047097807,the marvels
939997,Dicks: The Musical,4.5,38,Released,2023-10-06,1472114,86,8000000,tt7130916,en,Dicks: The Musical,Two self-obsessed businessmen discover they're long-lost identical twins and come together to plot the reunion of their eccentric divorced parents.,1.1968,We‚Äôre Identical Fucking Twins!,"Music, Comedy","a24, chernin entertainment",United States of America,English,"Desiree Estrada, Blake Daniel, Eric Ritter, Nick Offerman, Nathan Lane, Bowen Yang, Aaron Jackson, Amy Jo Jackson, Tom Kenny, Oscar Montoya, Megan Thee Stallion, Josh Sharp, Marius de Vries, Megan Mullally, Danielle Perez, Sonya Eddy, Frank Todaro, Yoli Lara, D'Arcy Carden",Larry Charles,Michelle Lawler,"Josh Sharp, Aaron Jackson","Aaron Jackson, Marius de Vries, Josh Sharp, James Spetner, Jenno Topping, Kori Adelson, Peter Chernin, Larry Charles, Jeremy Reitz","Marius de Vries, Karl Saint Lucy",5.3,3963,/A7twVw7LkB9Cq1As1YiN7J7jW3h.jpg,10,2023,40,dicks: the musical,-33,14.202210700219359,0.4177120794182164,the marvels
901362,Trolls Band Together,7.3,943,Released,2023-10-12,209646030,91,95000000,tt14362112,en,Trolls Band Together,"When Branch's brother, Floyd, is kidnapped for his musical talents by a pair of nefarious pop-star villains, Branch and Poppy embark on a harrowing and emotional journey to reunite the other brothers and rescue Floyd from a fate even worse than pop-culture obscurity.",9.021,There are some new trolls on the block.,"Animation, Family, Music, Fantasy, Comedy",dreamworks animation,United States of America,English,"Kid Cudi, Daveed Diggs, Chris Kirkpatrick, Zooey Deschanel, Aino Jawo, Nicole Lynn Evans, Kenan Thompson, Secunda Wood, Ron Funches, Kevin Michael Richardson, Tim Heitz, JC Chasez, Nick Fletcher, Anderson .Paak, Melissa Mabie, Ryan Naylor, Roger Craig Smith, Nick Kishiyama, Titus Blake, James Ryan, Kunal Nayyar, Justin Timberlake, Troye Sivan, Joey Fatone, Dillon Francis, Zosia Mamet, Jakari Fraser, Andrew Rannells, Glozell Green, Iris Dohrn, Amy Schumer, Christopher Mintz-Plasse, Caroline Hjelt, Walt Dohrn, Patti Harrison, Kayla Melikian, Anna Kendrick, Eric Andr√©, Camila Cabello, David Fynn, Lance Bass, Nina Zoe Bakshi, RuPaul, Fred Tatasciore",Walt Dohrn,,"Thomas Dam, Chris Allison, Elizabeth Tippet, Colin Jack","Jonathan Aibel, Glenn Berger, Dannie Festa, Gina Shay",Theodore Shapiro,6.0,19207,/bkpPTZUdq31UGDovmszsg2CchiI.jpg,10,2023,41,trolls band together,-27,19.160931099849254,0.684318967851759,the marvels
949229,Leo,6.808,107,Released,2023-10-18,71772785,163,42219285,tt15654328,ta,‡Æ≤‡Æø‡ÆØ‡Øã,"Parthiban, a cafe owner, lives with his family in Himachal Pradesh. Things take an absurd turn for him when he gets in the way of a drug cartel.",4.5919,Bloody Sweet!,"Action, Crime, Thriller","seven screen studios, the route",India,‡Æ§‡ÆÆ‡Æø‡Æ¥‡Øç,"Punya Elizabeth Bose, Leela Samson, Denzil Smith, Santhi Master, Madonna Sebastian, Jawahar, Mathew Thomas, Babu Antony, Santhi Mayadevi, Priya Anand, Arjun Sarja, Mysskin, Sanjay Dutt, Gautham Vasudev Menon, Vaiyapuri, Kamal Haasan, Maya S. Krishnan, Anurag Kashyap, Dinesh, Madhusudhan Rao, Chinmayi Sripaada, Sandy, George Mariyan, Baby Iyal, Vijay, Trisha Krishnan, Mansoor Ali Khan, Sachin Mani, Ramakrishnan, Janany Kunaseelan",Lokesh Kanagaraj,Manoj Paramahamsa,"Asal Kolaar, David Cronenberg, Heisenberg, Deeraj Vaidy, Vince Locke, John Wagner, Vishnu Edavan, Rathna Kumar, Lokesh Kanagaraj","Lalit Kumar, Ramkumar Balasubramanian",Anirudh Ravichander,7.2,72040,/5l62iL3gJThyauCyzlsKRh8kqGX.jpg,10,2023,42,leo,-21,18.08901593710066,0.822227997140939,the marvels
1058694,Radical,8.4,478,Released,2023-10-19,21761164,126,10000000,tt14570440,es,Radical,"In a Mexican border town plagued by neglect, corruption, and violence, a frustrated teacher tries an unorthodox new method to break through his students‚Äô apathy and unlock their curiosity, their potential... and perhaps even their genius.",3.3233,Think for yourself.,Drama,"3pas studios, epic, the lift, vix","Mexico, United States of America",Espa√±ol,"Gilberto Barraza, Roc√≠o Canseco, Edmundo Munoz, Daniel Haddad, Sergio Iv√°n Ju√°rez Correa, Margarita Chavarr√≠a, Mia Fernanda Solis, Danilo Guardiola Escobar, Erwin Veytia, Eugenio Derbez, Xochiquetzal Mart√≠nez, Enoc Lea√±o, Jennifer Trejo, Claudia Fuentes Medina, Manuel M√°rquez, Libia Regalado, V√≠ctor Estrada, Librada Elois, Christian Gonzalez, Manuel Cruz Vivas, Kaarlo Isaacs Barria",Christopher Zalla,Mateo Londo√±o,"Christopher Zalla, Joshua Davis","Avelino Rodr√≠guez, Joshua Davis, Javier Williams, Eugenio Derbez, Ben Odell, Joshuah Bearman","Pascual Reyes, Juan Pablo Villa",7.8,7307,/eGMkkbG85JUyXQEsbZKSnBrymts.jpg,10,2023,42,radical,-20,16.895637517121816,0.8045541674819913,the marvels
763118,Ganapath,2.7,7,Released,2023-10-20,1700000,135,22000000,tt13334578,hi,‡§ó‡§£‡§™‡§§,"In a dystopian future, Ganapath, a relentless and skilled vigilante, embarks on a mission to dismantle a powerful criminal empire that has gripped the city in fear. Ganapath becomes a symbol of hope for the oppressed in which leads dark.",3.646,A Hero Is Born,"Action, Thriller","pooja entertainment, good co.",India,‡§π‡§ø‡§®‡•ç‡§¶‡•Ä,"Jameel Khan, Sammy Jonas Heaney, Kriti Sanon, Gauahar Khan, Girish Kulkarni, Elli Avram, Shruthy Menon, Rahman, Ziad Bakri, Tiger Shroff, Amitabh Bachchan",Vikas Bahl,Sudhakar Reddy Yakkanti,"Swanand Kirkire, Priya Saraiya, Vikas Bahl, Roach. Killa, Dr. Zeus, Akshay Tripathi","Vashu Bhagnani, Vikas Bahl, Jacky Bhagnani, Deepshika Deshmukh","Vishal Mishra, Dr. Zeus, Amit Trivedi, Salim Merchant, Sulaiman Merchant",2.6,10667,/z5kngie7G0bR9CL3tcWhZLwIpIc.jpg,10,2023,42,ganapath,-19,14.346139397261565,0.7173069698630783,the marvels
1001241,Yaariyan 2,4.4,7,Released,2023-10-20,321687,150,3012048,tt22743064,hi,‡§Ø‡§æ‡§∞‡§ø‡§Ø‡§æ‡§Å ‡•®,"As three cousins embrace the warmth of a new city, they also face challenges that transform their lives.",4.363,"Cousins by blood, friends by choice","Romance, Drama, Family","t-series, blm pictures",India,‡§π‡§ø‡§®‡•ç‡§¶‡•Ä,"Lillete Dubey, Priya Prakash Varrier, Meezaan Jafri, Anaswara Rajan, Bhagyashri Borse, Warina Hussain, Murali Sharma, Divya Khosla Kumar, Pearl V Puri, Yash Daasguptaa","Radhika Rao, Vinay Sapru",Ravi Yadav,"Radhika Rao, Vinay Sapru, Manan Bhardwaj, Yo Yo Honey Singh","Aayush Maheshwari, Krishan Kumar, Bhushan Kumar, Divya Khosla Kumar","Manan Bhardwaj, Yo Yo Honey Singh, Khalif, JAM8",5.0,12993,/zcy8ZFwnzMhB32RaPArpj2XASP4.jpg,10,2023,42,yaariyan 2,-19,12.68133741069738,0.634066870534869,the marvels
1058078,Carousel,5.926,95,Released,2023-10-20,633385,93,2250000,tt24017902,sv,Karusell,"Park manager Fiona is tasked with taking care of some former friends who won an exclusive private sneak preview of Halloween at Liseberg ‚Äì a whole night, all alone in the empty park. But cotton candy, lovely rides and lots of laughter soon turn into something completely different, as they realize they are not alone in the park. And the night of dreams quickly turns into a true nightmare.",1.8323,An exclusive private Halloween night at Liseberg quickly turns into a true nightmare.,Horror,"scandinavian content group, nordisk film sweden, bright pictures",Sweden,svenska,"Thomas Hedengran, Sandra Caraan, Katerina Pavlou, Berna Inceoglu, Wilma Lid√©n, Embla Ingelman-Sundberg, Gunnar Hoaas, Ludvig Deltin, Emil Algpeus, Oscar Eliason, Rebecca Runfors Carlzzon, Amanda Lindh, Michael Brolin, Omar Rudberg",Simon Sandquist,,"Filip Hammarstr√∂m, Henry Stenberg, M√•rten Gisby","Jenny Gilbertsson, Hans Engholm, Lotta Carlsbog√•rd, Filip Hammarstr√∂m, Robert Arvidson, David Ovsepian, B√∂rje Hansson, Kristina B√∂rjeson",Christian Sandquist,4.7,1822,/dhTFWMto4o6ATe6W58bFU8AGUje.jpg,10,2023,42,carousel,-19,13.35883530990587,0.6679417654952935,the marvels
507089,Five Nights at Freddy's,7.4,4616,Released,2023-10-25,297144130,110,20000000,tt4589218,en,Five Nights at Freddy's,"Recently fired and desperate for work, a troubled young man named Mike agrees to take a position as a night security guard at an abandoned theme restaurant: Freddy Fazbear's Pizzeria. But he soon discovers that nothing at Freddy's is what it seems.",14.5333,Can you survive five nights?,"Horror, Thriller","blumhouse productions, scott cawthon productions",United States of America,English,"Victoria Patenaude, Garrett Hines, Kellen Goff, Theodus Crane, Piper Rubio, Michael P. Sullivan, Jessica Blackmore, Chris Monberg, Ryan Reinike, Gralen Bryant Banks, David Huston Doty, Joseph Poliquin, Tadasay Young, Matthew Patrick, Jophielle Love, Xander Mateo, Wyatt Parker, Asher Colton Spence, Mary Stuart Masterson, Kat Conner Sterling, Lucas Grant, Cory Kenshin, Julia Belanova, Grant Feely, Bailey Winston, David Lind, Elizabeth Lail, Josh Hutcherson, Lisa Mackel Smith, Christian Stokes, Liam Hendrix, Matthew Lillard",Emma Tammi,Lyn Moncrief,"Tyler MacIntyre, Scott Cawthon, Chris Lee Hill, Emma Tammi, Seth Cuddeback","Beatriz Sequeira, Marc Mostman, Christopher H. Warner, Scott Cawthon, Ryan Turek, Russell Binder, Jason Blum","Taylor Stewart, Andrew Grush",5.4,123458,/4dKRTUylqwXQ4VJz0BS84fqW2wa.jpg,10,2023,43,five nights at freddy's,-14,19.509727868614366,1.3006485245742911,the marvels
779816,White Bird,7.829,202,Released,2023-10-25,8799528,121,20000000,tt11068094,en,White Bird,"After being expelled from Beecher Prep for his treatment of a classmate with a facial deformity, Julian has struggled to fit in at his new school. To transform his life, Julian's grandmother finally reveals her own story of courage of her youth in Nazi-occupied France, where a classmate shelters her from mortal danger.",6.4785,One act of kindness lives on forever.,Drama,"participant, mandeville films, 2dux¬≤, kingdom story company, lionsgate, media capital technologies",United States of America,"Deutsch, Fran√ßais, English","Timon McLean, Roman Hor√°k, Miroslav T√°borsk√Ω, Tabea Lara Riek, Selma Kaymakci, Damian Odess-Gillett, Gillian Anderson, Sam Talacko, Jim High, Ji≈ô√≠ Kraus, Orlando Schwerdt, Daniel Brown, Zuzana Hodkov√°, Mark√©ta Richterov√°, Sebastian Jacques, Rebecca Louise Monaghan, Helen Mirren, John Bubniak, Philip Lenkowsky, Ondrej Novak, Zuko Garagiƒá, Martina Slukov√°, Priya Ghotane, Miroslav Lhotka, Filip Finkel≈°tejn, Nadine Leon Gobet, Stanislav Callas, Jem Matthews, Jordan Cramond, Mac Clemons, Patsy Ferran, Adam Bakule, Ji≈ô√≠ Vojta, Teagan Stark, Laura Hudeƒçkov√°, Nick Saaf, Ale≈° B√≠l√≠k, Kevan Van Thompson, Ariella Glaser, Yelisey Kazakevich, Mia Kadlecova, Lily Huong Mac, Luis Eduard Tames, Anise Napoleao dos Reis, Jeremy Tichy, Ishai Golan, Jo Stone-Fewings, Anise Napoleono dos Reis, Stuart McQuarrie, James Beaumont, Florian K√∂hler, Vladim√≠r Javorsk√Ω, Octavio Molina, John Comer, Olivia Ross, Kry≈°tof Barto≈°, Stepanka Sigmundova, Jakub Laurych, Lily Mac, Sean Brodeur, Cyril Dobr√Ω, Simon Mestdagh, Harry Thompson, Bryce Gheisar, Ta≈•jana Medveck√°, Martin David, Garrett Moore, Beatrice Holdingova",Marc Forster,Matthias Koenigswieser,"Mark Bomback, R.J. Palacio","David Hoberman, Mark Bomback, Renee Wolfe, Todd Lieberman, Robert Kessel, Alexander Young, Kevan Van Thompson, Christopher Woodrow, Jeff Skoll, Connor DiGregorio, R.J. Palacio",Thomas Newman,7.3,7711,/s2igE99PVBEMsry3qEGEH3rM83K.jpg,10,2023,43,white bird,-14,15.99020875528877,1.0660139170192513,the marvels
840430,The Holdovers,7.7,2204,Released,2023-10-27,42513270,133,13000000,tt14849194,en,The Holdovers,"A curmudgeonly instructor at a New England prep school is forced to remain on campus during Christmas break to babysit the handful of students with nowhere to go. Eventually, he forms an unlikely bond with one of them ‚Äî a damaged, brainy troublemaker ‚Äî and with the school‚Äôs head cook, who has just lost a son in Vietnam.",4.5242,Discomfort and joy.,"Comedy, Drama","miramax, gran via productions",United States of America,English,"Juanita Pearl, Greg Chopoorian, Osmani Rodriguez, Dakota Lustick, Ian Dolley, Andrew Garman, Jonathan von Mering, Kevin Fennessy, Davis Robinson, Carrie Preston, Peter Krasinski, Fred Robbins, Michael Provost, Jim Kaplan, Liz Bishop, Cole Tristan Murphy, David J. Curtis, Colleen Clinton, Melissa McMeekin, Kevin Daigneault, Alexander Cook, Carter Shimp, Stephen Thorne, Rena Maliszewski, Oscar Wahlberg, Dan Aid, Gillian Vigman, Quinn Stone, Dominic Sessa, Ian Lyons, Darby Lee-Stack, Joe Howell, Mike Kaz, Paul Giamatti, Naheem Garcia, Michael Malvesti, Dustin Tucker, Kelly AuCoin, Bhanu Gopal, Pamela Jayne Morgan, Will Sussbauer, Bill Mootos, Brady Hepner, Tate Donovan, Da'Vine Joy Randolph",Alexander Payne,Eigil Bryld,David Hemingson,"David Hemingson, Tom Williams, Mark Johnson, Andrew Golov, Thom Zadra, Bill Block",Mark Orton,7.9,211609,/VHSzNBTwxV8vh7wylo7O9CLdac.jpg,10,2023,43,the holdovers,-12,17.565326843975534,1.351178987998118,the marvels
936002,Doctor Jekyll,4.9,9,Released,2023-10-27,21524,89,625000,tt12637946,en,Doctor Jekyll,"Recluse Dr. Nina Jekyll befriends with her newly hired help, Rob. They must work together to prevent Hyde from destroying her life.",0.5982,A modern twist on the classic horror,Horror,"b good picture company, fluidity films, hammer studios ltd., hammer film productions, fulwell 73 productions, soundnode",United Kingdom,English,"Scott Chambers, Robyn Cara, Isabella Inchbald, Eddie Izzard, Simon Callow, Tony Jayawardena, Jonathan Hyde, Morgan Watkins, Lindsay Duncan",Joe Stephenson,Birgit Dierken,"Dan Kelly-Mulhern, Joe Stephenson, Robert Louis Stevenson","Piers Hunt, Patrick Fischer, Jamie Anderson, Richard Kondal, Andrew Keats, Liam Coutts, Joe Stephenson, Christian Angermayer, Guy de Beaujeu",Blair Mowat,4.5,638,/lwGZ7S2KiRJBLIgmqh8MCAAx0Px.jpg,10,2023,43,doctor jekyll,-12,9.976970329295932,0.7674592560996871,the marvels
1020006,Priscilla,6.8,989,Released,2023-10-27,30140906,113,20000000,tt22041854,en,Priscilla,"When teenage Priscilla Beaulieu meets Elvis Presley at a party, the man who is already a meteoric rock-and-roll superstar becomes someone entirely unexpected in private moments: a thrilling crush, an ally in loneliness, a vulnerable best friend.",3.3789,Wife to the king. Icon to the world. Destined for more.,"Drama, Romance, Music","the apartment pictures, american zoetrope","Italy, United States of America",English,"Megan Dallan, Kassandra C.A. Gray, Mary Kelly, Dan Beirne, Paige LeBlanc, Tim Dowler-Coltman, Shawn Gordon Fraser, Kamilla Kowal, Andrew Mackay, Erin Mackinnon, Deanna Jarvis, Cailee Spaeny, E. Fegan DeCordova, Ari Cohen, Daniel Lipka, Emily Mitchell, Dagmara Dominczyk, Josette Halpert, Kelly Irene Whyte, Raine Monroe Boland, R Austin Ball, Sarah Dodd, Lynne Griffin, Tim Post, Tonia Venneri, Olivia Barrett, Gwynne Phillips, Alanis Peart, Evan Annisette, Dan Abramovici, Kelaiah Guiel, Anna Mirodin, Jacob Elordi, Matthew Shaw, Jorja Cadence, Rodrigo Fernandez-Stoll, Kelly Penner, Luke Humphrey, Conni Miu, Stephanie Moran, Stephanie Moore",Sofia Coppola,Philippe Le Sourd,"Sandra Harmon, Priscilla Presley, Sofia Coppola","Lorenzo Mieli, Sofia Coppola, Priscilla Presley, Roman Coppola, Youree Henley, Chris Hatcher, Fred Roos","Thomas Mars, Christian Mazzalai, Laurent Brancowitz, Deck d'Arcy",6.5,50554,/uDCeELWWpsNq7ErM61Yuq70WAE9.jpg,10,2023,43,priscilla,-12,17.221393843609643,1.324722603354588,the marvels
792614,Mr. Blake at Your Service!,6.347,88,Released,2023-11-01,2726128,100,6700000,tt18224752,fr,Compl√®tement Cram√© !,"Since his wife's death, Andrew Blake is depressed. In an ultimate impetus, he leaves London to go back to France, in the house he met her. This journey through happy days memories won't go as planned.",1.8586,"A tale of second chances, served with elegance","Comedy, Drama, Romance","superprod, bidibul productions, film fund luxembourg, cnc","France, Luxembourg",Fran√ßais,"Eugenie Anselin, Anne Brione, Philippe Meyrer, √âmilie Dequenne, Hugo Malpeyre, John Malkovich, Al Ginter, Christel Henon, Fanny Ardant, Daniel Kovaƒç, Philippe Bas, Konstantin Rommelfangen",Gilles Legardinier,St√©phane Le Parc,"Gilles Legardinier, Christel Henon, Yann Samuell","Lilian Eche, Cl√©ment Calvet, Christelle Henon, J√©r√©mie Fajner",Erwann Chandon,6.3,1940,/hpszN3PHW9ubsKcrCia1g6y8mAr.jpg,11,2023,44,mr. blake at your service!,-7,14.818393212202599,1.8522991515253249,the marvels
970948,What Happens Later,4.7,74,Released,2023-11-02,3370345,104,3000000,tt19890316,en,What Happens Later,"Two ex-lovers get snowed in at a regional airport overnight. Indefinitely delayed, Willa, a magical thinker, and Bill, a catastrophic one, find themselves just as attracted to and annoyed by one another as they did decades earlier. But as they unpack the riddle of their mutual past and compare their lives to the dreams they once shared, they begin to wonder if their reunion is mere coincidence, or something more enchanted.",2.7531,They missed their connection.,"Romance, Comedy","ten acre films, rockhill studios, das films, prowess pictures",United States of America,English,"Patricia Rouse, Meg Ryan, David Duchovny, Hal Liggett, Jared Rogers, Will Reed, Rob Gilchrist",Meg Ryan,Bartosz Nalazek,"Kirk Lynn, Meg Ryan, Steven Dietz","Steve Shapiro, Meg Ryan, Blake Elder, Michael Goyette, David Duchovny, Ken Whitney, Jonathan Duffy, Laura D. Smith, Kelly Williams, Andrew Karpen, Liz Whitney, Kerri Elder, Kent Sanderson, Kristin Mann",David Boman,4.9,5195,/oSAdS03j8zbjv35gKdjrIL5snw1.jpg,11,2023,44,what happens later,-6,15.030525967681422,2.1472179953830604,the marvels
940721,Godzilla Minus One,7.6,2866,Released,2023-11-03,113676322,124,15000000,tt23289160,ja,„Ç¥„Ç∏„É©-1.0,"In postwar Japan, Godzilla brings new devastation to an already scorched landscape. With no military intervention or government help in sight, the survivors must join together in the face of despair and fight back against an unrelenting horror.",10.8248,Survive and fight. Live and resist.,"Science Fiction, Horror, Action","toho, toho studios, robot communications",Japan,"English, Êó•Êú¨Ë™û","Masatoshi Kihara, Tetsu Hirahara, Munetaka Aoki, Koya Fukuda, Ryota Tsuchihashi, Tetsunori Akira, Yukio Tsukamoto, Kentaro Furuyama, Etsuji Harada, Daiki Ichikawa, Yosuke Minokawa, Yoshiyo Naka, Yuho Mochinaga, Fuma Sasaki, Touta Tawaragi, Kisuke Iida, Kiyoshi Uchida, Ryunosuke Kamiki, Aya Sakura, Hidetaka Yoshioka, Ami Kitamikado, Hirotaka Akatsuma, Akihiro Yamamoto, Minami Hamabe, Django Yamada, Ikumu Shigeta, Seiji Okuda, Daichi Abe, Seitaro Chiba, Yuki Takao, Eisuke Sasai, Takato Yonemoto, Hidemasa Mase, Goro Sato, Hidehiko Yamada, Senji Nakagi, Yasunori Ota, Mizuki Hasegawa, Saori, Jun Ohnishi, Yuta Wakabayashi, Yuko Onose, Masataka Matsubara, Yuto Yoshikawa, Ryo Hamanaka, Shota Taniguchi, Kiyomi Aratani, Hiroyuki Toritani, Yuji Komatsu, Sentarou Kusakabe, Tatsuki Oguma, Mami Aoki, Shunpeter Sugisaki, Atomu Ito, Atsushi Saitou, Tsutomu Osabe, Kunihiro Suda, Sakura Ando, Keita Chiba, Yoka, Saki Nakatani, Kenji Anan, Kenji Mizuhashi, Mami Tokuda, Michael Arias, Shinsuke Kasai, Risa Miyake, Akio Nakadai, Masaichi Wanibuchi, Mao Ohno, Shohei Abe, Gomez Hori, Makoto Matsumoto, Masaru Yahagi, Shoji Omiya, Keisuke Fujita, Ayane Kamoi, Gohshuu, Masayuki Yamada, Yusuke Karita, Yuya Oshima, Yukihide Ueda, Sho Tsuruta, Yuya Endo, Masato Nakano, Miou Tanaka, Takumi Matsui, Makoto Araki, Kisuke Inoue, Gen Shimada, Kuranosuke Sasaki, Rikako Miura, Ozuno Nakamura, Shinji Nagashima, Ippei Sasaki, Yuki Yamada, Kota Kawabata, Yamato Aizawa, Miki Mirai, Genki Furugen, Sho Nishigaki",Takashi Yamazaki,K≈çz≈ç Shibazaki,Takashi Yamazaki,"Keichiiro Moriya, Kenji Yamada, Shuji Abe, Minami Ichikawa, Hisashi Usui, Kazuaki Kishida, Go Abe","Naoki Sato, Akira Ifukube",7.7,179943,/2E2WTX0TJEflAged6kzErwqX1kt.jpg,11,2023,44,godzilla minus one,-5,18.54886569605055,3.0914776160084254,the marvels
823482,Dream Scenario,6.648,1142,Released,2023-11-10,14114415,102,10000000,tt21942866,en,Dream Scenario,"Hapless family man Paul Matthews finds his life turned upside down when millions of strangers suddenly start seeing him in their dreams. But when his nighttime appearances take a nightmarish turn, Paul is forced to navigate his newfound stardom.",2.6859,Meet the man of your dreams.,"Comedy, Fantasy","a24, square peg, saturn films",United States of America,"English, Fran√ßais","Noah Centineo, Maev Beaty, Nicolas Cage, Marnie Brunton, Julianne Nicholson, Michael Cera, Sofia Banzhaf, Ramona Gilmour-Darling, Richard Jutras, Nicole Leroux, Leah Stanley, Jordan Raf, Kate Berlant, Domenic Di Rosa, Trish Hoang, Noah Lamanna, Star Slade, Liz Adjei, Al Warren, David Klein, James Collins, Amber Midthunder, Ben Caldwell, Jeremy Levick, Tim Meadows, Talia Schlanger, Stephen R. Hart, Kaleb Horn, Jennifer Wigmore, Dylan Gelula, Lily Gao, Marnie McPhail, Jessica Clement, Cara Volchoff, Alton Mason, Will Corno, Paula Boudreau, Caleb Weatherbee, Nneka Elliott, Krista Bridges, Jesse Goldman, Dylan Baker, Lily Bird, Jessie-Ann Kohlman, Nicholas Braun, Philip van Martin, Jim Armstrong, Marc Coppola, Thomas Mitchell, Conrad Coates, Josh Richards, Agape Mngomezulu, Greer Cohen",Kristoffer Borgli,Benjamin Loeb,Kristoffer Borgli,"Lars Knudsen, Jacob Jaffke, Ari Aster, Tyler Campellone, Nicolas Cage",Owen Pallett,6.8,90180,/2RSMu2iMDCdMKmvBWWvcmE8vjMj.jpg,11,2023,45,dream scenario,2,16.46270724438941,5.487569081463136,the marvels
720557,Tiger 3,5.8,51,Released,2023-11-12,56490000,155,36320000,tt18411490,hi,Tiger 3,"Following the events of Tiger Zinda Hai, War, and Pathaan, Avinash Singh Rathore returns as Tiger but this time the battle is within. He has to choose between his country or family as an old enemy is after his life, who claims that his family was killed by Tiger. He holds Tiger captive in Pakistan as the Indian agent's loyalty towards his country faces its biggest test.",4.5144,"This time, it's personal","Action, Adventure, Thriller","yash raj films, first step productions, etalon-film, fps productions, sk-film","Austria, India, Russia, Turkey","English, ‡§π‡§ø‡§®‡•ç‡§¶‡•Ä, Ti·∫øng Vi·ªát","Shah Rukh Khan, Ridhi Dogra, Aamir Bashir, Anant Vidhaat Sharma, Anish Kuruvilla, Sartaaj Kakkar, Katrina Kaif, Denzil Smith, Michelle Lee, Chandrachoor Rai, Ranvir Shorey, Emraan Hashmi, Bimal Oberoi, Edward Sonnenblick, Vishal Jethwa, Revathi, Kumud Mishra, Danish Bhatt, Ashutosh Rana, Salman Khan, Hrithik Roshan, Simran, Shahid Latief, Danish Husain, Sandeep Kulkarni, Neeraj Purohit, Gavie Chahal",Maneesh Sharma,Anay Goswami,"Aditya Chopra, Shridhar Raghavan, Irshad Kamil, Anckur Chaudhry, Amitabh Bhattacharya","Sanjay Shivalkar, Aditya Chopra, Sudhanshu Kumar","Tanuj Tiku, Pritam Chakraborty",5.7,55900,/2hsZrii8zXsk765YKKActVhIjTE.jpg,11,2023,45,tiger 3,4,17.84957420700369,3.5699148414007382,the marvels
1022796,Wish,6.3,1684,Released,2023-11-13,254997360,95,175000000,tt11304740,en,Wish,"Asha, a sharp-witted idealist, makes a wish so powerful that it is answered by a cosmic force ‚Äì a little ball of boundless energy called Star. Together, Asha and Star confront a most formidable foe - the ruler of Rosas, King Magnifico - to save her community and prove that when the will of one courageous human connects with the magic of the stars, wondrous things can happen.",8.4936,Be careful what you wish for.,"Animation, Family, Fantasy, Adventure",walt disney animation studios,United States of America,English,"Ariana DeBose, Chris Pine, Keone Young, Harvey Guill√©n, Angelique Cabral, Heather Matarazzo, Jennifer Kumiyama, Nasim Pedrad, Nicole Lynn Evans, Abraham Sigler, Ef√©, Holland Watkins, Woody Buck, Victor Garber, Lucas Sigler, Niko Vargas, Jon Rudnitsky, Natasha Rothwell, Evan Peters, Alan Tudyk, Della Saba, Ramy Youssef","Fawn Veerasunthorn, Chris Buck",,"Jennifer Lee, Allison Moore, Fawn Veerasunthorn, Chris Buck, Burny Mattinson","Jennifer Lee, Peter Del Vecho, Juan Pablo Reyes Lancaster-Jones, Don Hall",Dave Metzger,5.6,48709,/m9ckCVKU9vW3Dxc8hbodx7mjJbe.jpg,11,2023,46,wish,5,19.356763754049542,3.2261272923415905,the marvels
695721,The Hunger Games: The Ballad of Songbirds & Snakes,6.999,3250,Released,2023-11-15,337371917,157,100000000,tt10545296,en,The Hunger Games: The Ballad of Songbirds & Snakes,"64 years before he becomes the tyrannical president of Panem, Coriolanus Snow sees a chance for a change in fortunes when he mentors Lucy Gray Baird, the female tribute from District 12.",6.4161,Everyone hungers for something.,"Drama, Science Fiction, Adventure, Action","lionsgate, color force, about:blank, studio babelsberg","Germany, United States of America",English,"Josh Rivera, Vaughan Reilly, Max Raphael, Scott Folan, Clemens Schick, Samia Hofmann, Burn Gorman, Florian Burgkart, Tim Torok, Irene B√∂hm, Cameron MacConomy, Kyra Reinert, Luna Steeples, Am√©lie Hoeferle, Steven McMichael, Riley Chung, Kjell Brutscheidt, Honor Gillies, Viola Davis, Dexter Sol Ansell, Dakota Shapiro, Ghaith Saleh, Ayomide Adegun, Zo√´ Renee, Aamer Husain, Jonas Martens, Luna Kuse, Mackenzie Lansing, Emma Frieda Br√ºggler, Nick Benson, Konstantin Taffet, Yalany Marschner, Knox Gibson, Hunter Schafer, Marc Aden Gray, Mona Vojacek Koper, Joshua Kantara, Carl Spencer, Isobel Jesper Jones, Peter Dinklage, Athena Strates, Daniela Grubert, Tom Blyth, Jerome Lance, Aaron Finn Schultz, Flora Thiemann, Dimitri Abold, Hiroki Berrecloth, Levi Strasser, Lilly Cooper, Denise Hansen, George Somner, Varvara Kanellakopoulou, Jason Schwartzman, Serena Oexle, Chieloka Jairus, Ashley Liao, Seyna Sylla, Anni Baumann, Mekyas Mulugeta, Cooper Dillon, Kaitlyn Akinpelumi, Sofia Sanchez, Raphael Zari, Rachel Zegler, Kittipong Ace Cunjanagan, Aminata Lucia Yade Toscano, Eike Onyambu, Michael Greco, Rosa Gotzler, Fionnula Flanagan",Francis Lawrence,Jo Willems,"Michael Lesslie, Suzanne Collins, Michael Arndt","Nina Jacobson, Francis Lawrence, Suzanne Collins, Jim Miller, Tim Palen, Mika Saito, Brad Simpson",James Newton Howard,6.6,171683,/lrkOYL5GBTFW9cgs9RlojxAcZZF.jpg,11,2023,46,the hunger games: the ballad of songbirds & snakes,7,19.636696494025443,2.4545870617531804,the marvels
889818,Omen,6.4,22,Released,2023-11-15,29498,90,1046000,tt21086802,fr,Augure,"After spending years in Belgium, a young Congolese man returns to his birthplace of Kinshasa to confront the intricacies of his family and culture.",2.072,"A story about love, family, and the pursuit of happiness.",Drama,"wrong men, new amsterdam film company, serendipity films, tosala films, big world cinema, red sea fund, special touch studios, radicalmedia","Belgium, Congo, France, Netherlands, Saudi Arabia, South Africa, United States of America","English, Fran√ßais, , Kiswahili","Chim√®ne Barthez, Bongeziwe Mabandla, Yves-Marina Gnahoua, H√©noc Kiyombo, Romain Ndomba, Marcel Otete Kabeya, Denis Mpunga, Lucie Debay, Eliane Umuhire, Guetty Lembe, Marc Zinga, Linda Ikwa",Baloji Tshiani,Joachim Philippe,Baloji Tshiani,Beno√Æt Roland,Liesa Van der Aa,6.0,1242,/2HgCEfROW5U3dyBwXgT3ztkOBWq.jpg,11,2023,46,omen,7,10.292111643448266,1.2865139554310332,the marvels
621587,Next Goal Wins,6.4,534,Released,2023-11-16,18062279,104,14000000,tt10767052,en,Next Goal Wins,Dutch coach Thomas Rongen attempts the nearly impossible task of turning the American Samoa soccer team from perennial losers into winners.,1.7164,Be happy.,"Comedy, Drama","the imaginarium, searchlight pictures, tsg entertainment, garrett basch productions, defender films, archer's mark","New Zealand, United Kingdom, United States of America",English,"Armani Makaiwa, Semu Filipo, Taika Waititi, David Tu'itupou, William Chun, Arlo Sarinas, Rachel House, Loretta Ables Sayre, Rhys Darby, Sisa Grey, Uli Latukefu, Levy Tuiala, Kaitlyn Dever, Jonathan J.I. Knox, Wil Kahele, David Fane, Elisabeth Moss, Ioane Goodhue, Chris Alosio, Roland Tupola, Oscar Kightley, Kaimana, Hio Pelesasa, Luke Hemsworth, Michael Fassbender, Angus Sampson, James Burghardt, Beulah Koale, Don Nahaku, Lori Pelenise Tuisano, Martin Tyler, Will Arnett, Tulalagalaga Tatalo Wily, Lehi Makisi Falepapalangi, Russell Satele, Patrick Mullen",Taika Waititi,Lachlan Milne,"Taika Waititi, Iain Morris","Kathryn Dean, Mike Brett, Taika Waititi, Will Tennant, Steve Jamison, Andy Serkis, Garrett Basch, Jonathan Cavendish",Michael Giacchino,6.5,30327,/xTQCL1zGugIck8MgvJ2lXSrxENR.jpg,11,2023,46,next goal wins,8,16.709336343831954,1.8565929270924393,the marvels
839369,May December,6.6,959,Released,2023-11-16,4232370,117,20000000,tt13651794,en,May December,"Twenty years after their notorious tabloid romance gripped the nation, a married couple buckles under the pressure when an actress arrives to do research for a film about their past.",2.7315,Some roles are transformative.,Drama,"gloria sanchez productions, killer films, mountaina, taylor & dodge, project infinity",United States of America,English,"Julianne Moore, Charles Melton, Piper Curda, Fatou Jackson, Elizabeth Yu, Mikenzie Taylor, Kelvin Han Yee, Allie McCulloch, Hailey Wist, Andrea Frankle, Lawrence Arancio, D.W. Moffett, Jocelyn Shelfo, Chris Tenzis, Hope Regina McElveen, Derrick Butler, Rocky Davis, Evan Zhu, Cory Michael Smith, Zachary Branch, Christopher Nguyen, Drew Scheid, Hans Obma, Gabriel Chung, Adam Woods, Julie Ivey, Joan Reilly, Natalie Portman, Charles Green, Mike Lopez, James R Williams",Todd Haynes,Christopher Blauvelt,"Samy Burch, Alex Mechanik","Madeleine K. Rudin, Sophie Mas, Elizabeth Niles, Samy Burch, Grant S. Johnson, Natalie Portman, Alex Brown, Thorsten Schumacher, Will Ferrell, Jonathan Montepare, Christine Vachon, Lee Broda, Jessica Elbaum, Tyler W. Konney, Jeff Rice, Thomas K. Richards, Pamela Koffler, Claire Taylor",Marcelo Zarvos,6.7,71236,/zhV7B610l7hjlri4ywikJ18ONuq.jpg,11,2023,46,may december,8,15.258272914084312,1.695363657120479,the marvels
930564,Saltburn,6.965,2681,Released,2023-11-16,21013738,131,20000000,tt17351924,en,Saltburn,"Struggling to find his place at Oxford University, student Oliver Quick finds himself drawn into the world of the charming and aristocratic Felix Catton, who invites him to Saltburn, his eccentric family's sprawling estate, for a summer never to be forgotten.",7.372,We're all about to lose our minds.,"Drama, Comedy, Thriller","luckychap entertainment, mrc, lie still","United Kingdom, United States of America",English,"Archie Madekwe, Will Gibson, Julian Lloyd Patten, Reece Shearsmith, Tom√°s Barry, Carey Mulligan, Gabriel Bisset-Smith, Richard Cotterell, Glyn Grimstead, Paul Rhys, Lolly Adefope, Aleah Aberdeen, Dorothy Atkinson, Rosamund Pike, Tasha Lim, Joshua Samuels, Joshua McGuire, Alison Oliver, Matt Carver, Jacob Elordi, Shaun Dooley, Ewan Mitchell, Olivia Hanrahan-Barnes, Millie Kent, Sadie Soverall, Saga Spjuth-S√§ll, Andy Brady, Richard E. Grant, Barry Keoghan",Emerald Fennell,Linus Sandgren,Emerald Fennell,"Margot Robbie, Tom Ackerley, Emerald Fennell, Tim Wellspring, Josey McNamara",Anthony B. Willis,7.0,253488,/zGTfMwG112BC66mpaveVxoWPOaB.jpg,11,2023,46,saltburn,8,16.860687019862493,1.8734096688736104,the marvels
1071215,Thanksgiving,6.5,1448,Released,2023-11-16,46553280,106,15000000,tt1448754,en,Thanksgiving,"After a Black Friday riot ends in tragedy, a mysterious Thanksgiving-inspired killer terrorizes Plymouth, Massachusetts - the birthplace of the holiday. Picking off residents one by one, what begins as random revenge killings are soon revealed to be part of a larger, sinister holiday plan.",14.9343,There will be no leftovers.,"Horror, Mystery","electromagnetic productions, dragonfly entertainment, spyglass media group",United States of America,English,"Andriah Bryan, Adam MacDonald, Jake Gosden, Jordan Poole, Karen Cliche, Jeff Teravainen, Derek Herd, Andy Boorman, Addison Rae, Jenna Warren, Chris Sandiford, James Magwood, Derek McGrath, Frank J. Zupancic, Daniel Beiser-Hunt, Piret J√µgeda, Joe Bostick, James Goldman, Nell Verlaque, Hailey Kittle, Sylvain Plasse, Dorian Giordano, Lynne Griffin, Tonic, Patrick Dempsey, Katherine Trowell, Rick Hoffman, Charlie Storey, Erika Nonato, Milo Manheim, Tim Dillon, Xavier Sabeta, Shiloh O‚ÄôReilly, Mika Amonsen, Joseph Claude Dubois, Alexander Elliot, Hannah Storey, Yusuf Zine, Christopher Creamer, Gabriel Davenport, Gina Gershon, Nicholas DeCoulos, Aaron J. La Fleur, Nicholas Reynoldson, Shawn Gordon Fraser, Neil Robles, Shailyn Griffin, Joe Delfin, Tomaso Sanelli, Amanda Barker, Tom Keat, Julie Leedes, Ty Olsson, Geoff Rutherford, Russell Yuen, Jalen Thomas Brooks, Carlisle J. Williams, Pat Smith, J. Timothy Hunt, Daniel Ryan-Astley",Eli Roth,Milan Chadima,"Eli Roth, Jeff Rendell","Eli Roth, Gary Barber, Kate Harrison Karman, Jeff Rendell, Peter Oillataguerre, Chris Stone, Roger Birnbaum, Greg Denny",Brandon Roberts,6.2,77095,/f5f3TEVst1nHHyqgn7Z3tlwnBIH.jpg,11,2023,46,thanksgiving,8,17.656108042554752,1.9617897825060835,the marvels
586810,Mars Express,7.5,435,Released,2023-11-22,1455713,89,7900000,tt26915336,fr,Mars Express,"In 2200, private detective Aline Ruby and her android partner Carlos Rivera are hired by a wealthy businessman to track down a notorious hacker. On Mars, they descend deep into the underbelly of the planet's capital city where they uncover a darker story of brain farms, corruption, and a missing girl who holds a secret about the robots that threatens to change the face of the universe.",2.2423,Built to serve. Programmed to live.,"Animation, Science Fiction, Action, Mystery","g√©b√©ka films, je suis bien content, les productions de la plume, amopix, france 3 cin√©ma, everybody on deck, ev.l prod, shine conseils",France,Fran√ßais,"Barbara Delsol, Marie Bouvet, Genevi√®ve Doang, Emmanuel Bonami, Laurent Sarfati, Lo√Øc Guingand, S√©bastien Chassagne, Thomas Roditi, Nathalie Karsenty, Maxime Pacaud, Nicolas Justamon, Charlotte Juni√®re, Thierry Jahn, J√©r√©mie B√©drune, Usul, Fanny Vambacas, Ang√©line Henneguelle, Nancy Guyon, Marthe Keller, Delphine Braillon, Daniel Njo Lob√©, Marie Chevalot, Na√Øs Desiles, Renaud Jesionek, Serge Faliu, Audrey Stupovski, Sebastien Bizzotto, Martial Le Minoux, Mathieu Amalric, Cerise Vaubien, L√©a Drucker, Eilias Changuel, Catherine Tartara",J√©r√©mie P√©rin,,"Laurent Sarfati, J√©r√©mie P√©rin","Didier Creste, Ga√´lle Bayssi√®re","Fred Avril, Philippe Monthaye",7.5,13340,/g8rUn0khoYB3G4gPPGTF1Xv9Olu.jpg,11,2023,47,mars express,14,14.191007059872721,0.946067137324848,the marvels
1016683,Semmelweis,8.1,37,Released,2023-11-30,1645196,127,5500000,tt20672356,hu,Semmelweis,"Set in 19th century Vienna, Ignac Semmelweis, a short-tempered but passionate doctor, delivers babies and carries out autopsies on a daily basis while looking for the cause of puerperal fever, the mysterious epidemic that decimates patients in the hospital.",3.4074,"He saw the invisible, he did the impossible","History, Drama","film positive productions, szupermodern st√∫di√≥",Hungary,Magyar,"Korn√©l Simon, Mariann Herm√°nyi, Nikolett T√≥th, Gloria Ormandlaky, √Ågoston Ken√©z, √Åkos Orosz, N√°ndor Varju, Toma Hrisztov, J√≥zsef J√°mbor, √Ågnes Olasz, √Åd√°m L√°bodi, G√°bor D√°vid N√°das, K√°roly Hajduk, Antal Cserna, Lilla Kizlinger, Veronika Vas, Lili Bajor, Katica Nagy, Ferenc Lengyel, Tam√°s Varga, Kriszti√°n Kolovratnik, Tam√°s Kov√°cs, Kriszti√°n Szil√°gyi, Istv√°n Szacsvai, P√©ter V√°ri-Kov√°cs, Lajos Kov√°cs, Ferenc Elek, Attila Csap√≥, Andrea Waskovics, Krisztina Vad√°sz, Tomi Kosynus, Andorai P√©ter Kriszti√°n, Istv√°n Znamen√°k, S√≥lyom Krist√≥f, Bal√°zs B√∂lk√©ny, Gy√∂rgy M√©h√©sz, L√°szl√≥ G√°lffi, T√≠mea Virga, M√°ria D√©r, Kurta Nik√©, Laurent Winkler, Nelli Sz≈±cs, M√°rton Patk√≥s, Mikl√≥s H. Vecsei, Anna Gy√∂rgyi, Tuli√°n Acz√©l, J√∫lia Mentes, Blanka M√©sz√°ros, Csenge Orosz, Em√∂ke Zsigmond, Vanda Kov√°cs",Lajos Koltai,Andr√°s Nagy,"Bal√°zs Maruszki, Anett Kormos",Tam√°s Lajos,Attila Pacsay,6.8,3886,/ol6lDiWvWIDZsElj2sfBwQF9IBJ.jpg,11,2023,48,semmelweis,22,14.313370691850237,0.6223204648630538,the marvels
1108658,The Shift,6.4,81,Released,2023-11-30,12238643,113,6500000,tt19406606,en,The Shift,"Following a tense encounter with a mysterious stranger with otherworldly powers, a man is banished to a parallel, tyrannical, Earth, where he fights to get back the woman he loves.",2.2607,Infinite worlds. Endless choices. One way out.,Science Fiction,"nook lane entertainment, pinnacle peak pictures",United States of America,English,"Sean Astin, Jordan Walker Ross, Joey Shear, Allen Golden, Caleb Young, Leslie Sides, Carla Christina Contreras, Teck, Kara Mae Khan, Kevin Lawson, Landon Fuqua, Kristina DiGiovanni, Joey Lay, Presley Bowlan, Gregory Tharpe, Kenneth Nance Jr., Jason Marsden, Paras Patel, Tyler Merritt, Dimitri Robinson, Clinton Waara, Elizabeth Tabish, Tommy Glenn, Ginger Cressman, Jacob Gaines, Emily Rose, Davis Carpenter, Adam Mirra, Luanne Stratton, Jordan Alexandra, Greg Wike, Erin Heasley, Nanayaa Prempeh, Billy Todd, Brooke Leigh Armstrong Brooklyn, Brandon Dunn, Nick Logan, John Billingsley, Rose Reid, Adam Mitchell, Kristoffer Polaha, Lester Milligan, Alan Walker, Elizabeth Becka, Owen Carpenter, Nolan North, Shaun Gilmer, Wade Hammond, Eden Lee, Neal McDonough, Heather Willey, Jaszel Harris",Brock Heasley,Edd Lukas,"Jake Christensen, Brock Heasley, Daniel Harmon","Ken Carpenter, Brock Heasley, Dallas Jenkins, Neal McDonough","Matthew S. Nelson, Dan Haseltine",5.5,6138,/voLxg0emuu862JAgFwM4yTH3eGj.jpg,11,2023,48,the shift,22,16.320109044597693,0.7095699584607693,the marvels
664341,Eileen,5.9,331,Released,2023-12-01,1560142,98,16000000,tt5198890,en,Eileen,"During a bitter 1964 Massachusetts winter, young secretary Eileen becomes enchanted by Rebecca, the glamorous new counselor at the prison where she works. Their budding friendship takes a twisted turn when Rebecca reveals a dark secret ‚Äî throwing Eileen onto a sinister path.",5.8922,Crime has never felt so intoxicating.,"Thriller, Crime","likely story, film4 productions, omniscient films, fifth season","United Kingdom, United States of America",English,"Joel Marsh Garland, Patrick Noonan, Mark Havlis, Gavin K. Barfield, Peter McRobbie, Thomasin McKenzie, William Hill, Anne Hathaway, Alexander Jameson, Sam Nivola, Brendan Burke, Myra Thibault, Willie C. Carpenter, Peter Von Berg, Siobhan Fallon Hogan, Shea Whigham, Patrick Ryan Wood, Mason Pettograsso, Lauren Yaffe, Julian Gavilanes, Spencer Barnes, Matt Berman, Ben Kennedy, Tonye Patano, Owen Teague, Marin Ireland, Lawrence Arancio, Jefferson White, Louis Vanaria",William Oldroyd,Ari Wegner,"Ottessa Moshfegh, Luke Goebel","Stefanie Azpiazu, Ottessa Moshfegh, Jamin O'Brien, Luke Goebel, Anthony Bregman, William Oldroyd, Peter Cron, Julia Oh, Ollie Madden",Richard Reed Parry,5.9,18877,/x6kedRqcj8jH0cik9p1jzkDwZvM.jpg,12,2023,48,eileen,23,14.260288041691254,0.5941786684038023,the marvels
781732,Animal,6.2,149,Released,2023-12-01,108300000,201,13000000,tt13751694,hi,Animal,The hardened son of a powerful industrialist returns home after years abroad and vows to take bloody revenge on those threatening his father's life.,6.3565,A father-son bond carved in blood,"Action, Crime, Drama","t-series, bhadrakali pictures, st film",India,‡§π‡§ø‡§®‡•ç‡§¶‡•Ä,"Arun Daniel-Nayar, Anil Kapoor, Butta Badbar, Shakti Kapoor, Bhavya Shinde, Siddharth Singh, Priyank Shah, Carlos Leo Singh Mahur, Davy Grewal, Gagan Deep Singh, Avdeep Sidhu, Siddhant Karnick, Tank Dhamalia, Anju Kapoor, Leon Ung, Gurnoor Sodhi, Mansi Taxak, Neeven Vaid, Sunny Gill, Sandeep Reddy Vanga, Nayar Zafri, Gursewak Singh Mander, Shafina Patel, Upendra Limaye, Sameera Kishore, Evandeep Singh, Hariom Kalra, Maren Lueg, Imtiakum Jamir, Myreen Grover, I.P. Sawhney, Prassana Kumar, Kunal Thakur, Harish Kumar, Rohit Tanna, Manjjot Singhh, Tajinder Kaur, Kalyan Vitappu, Krutika Khera, Charu Shankar, Ali Khan, Maganti Srinath, Inaya Haroon, Tushita Batthacharya, Alisha Martin, Tannaz Mirdavoody, Russell Harris, Divara Valecha, Kunal Singh, Manpreet Maan, Muhammad Ali, Parminder Singh, Megan Kaur, Sinna Mogul, Arvinder Bhatti, Umang Badana, Mark Talur, Promila Bittu Safaya, Ajay Madhok, Vikram Bakshi, Mohammed Bilal Khan, Suresh Sippy, Bhanu Uday, Ashrita Vemuganti, Babloo Prithiveeraj, Madhuri Bhatia, Sanvir Sachdeva, Rashmika Mandanna, Harnidh Kaur, Raghav Binani, Hiten Patel, Avi Rakheja, Mathew Varghese, Pranav Bhatt, Lovely Singh, Saurabh Dubey, K.P. Singh, Sam Brown, Dimple Chhabra, Ranbir Kapoor, Nitin Sharma, Vipluv Khurana, Mrinmayee Godbole, Shabana Haroon, Jitendra Anil Bhosale, Mehmood Sulman, Sentilong Ao, Simran Sharma, Vivek Sharma, Archana Rao, Namrata Joshi, Indira Krishnan, Lauren Firenza Gill, Raj Hundal, Triptii Dimri, Advaan Sachdeva, Ahmad Ibn Umar, Raksha Shetty, Anamika Dangre, Madhu Raja, Elvin Herreck, Suresh Oberoi, Hosna Yaftaly, Ishleen Vieenam, Mayur Kalra, Ibrahim Syed, Eva Chibber, Anshul Chauhan, Maariya Bajwa, Bobby Deol, Rohan Zagorski-Shah, Chas Whitaker, Ivo Zigadio, Sumantha Nittukar, Amanjot Singh, Parsa Datta Sai, Bashir Ahmed, Haseeb Bajwa, Safiyyah Bajwa, Jyoti Arora, Ankush Deshmukh, Arsheen Namdar, Jay Avasthy, Tushar Bedi, Shubham Tiwari, Arjun Sanga, Tanvi Desai, Kimi Gill, Ranjeet Singh, Rajat Dhir, Roshni Kaur, Suren Saini, Ufuk Borucu, Arun Malik, Ritika Raghav, Ibrahim Umar, Alina Fox, Saurabh Sachdeva, Ishveen Vieenam, Hanna Bajwa, Michelle Cardoza, Saloni Batra, Taru Devani, Aditya Andlay, Sushant Sharma, Payal Arora, Bianca Daniela, Sevilay Turlington, K.N. Tarun Vishal, Ananya Bhati, Sartaaj Kakkar, Narmin Safi, Riva Desai, Veenah Naair, Shivraj Walvekar, Gabriel Fernanded, Kamaljeet Rana, Prem Chopra",Sandeep Reddy Vanga,Amit Roy,"Ashim Kemson, Sandeep Reddy Vanga, Saurabh Gupta, Pranay Reddy Vanga, Jaani, Raj Shekhar, Suresh Bandaru, Gurinder Seagal, Manoj Muntashir, Garima Wahal, Siddharth Singh, Bhupinder Babbal, Manan Bhardwaj","Pranay Reddy Vanga, Mahipal Karan Rathore, Murad Khetani, Bhushan Kumar, Krishan Kumar","Ashim Kemson, Pritam Chakraborty, Vishal Mishra, Jaani, Harshavardhan Rameshwar, Gurinder Seagal, Shreyas Puranik, Bhupinder Babbal, Manan Bhardwaj",6.2,111093,/hr9rjR3J0xBBKmlJ4n3gHId9ccx.jpg,12,2023,48,animal,23,18.500415721204828,0.7708506550502011,the marvels
1027982,Abang Adik,7.6,35,Released,2023-12-01,1363827,115,653000,tt27445004,zh,ÂØåÈÉΩÈùíÂπ¥,"Abang and Adi are undocumented orphans living in present-day Malaysia. While the older brother, a deaf mute, has resigned himself to a life of poverty, his younger sibling burns with indignation. A brutal accident upsets the fragile balance of their relationship.",3.5492,"In This Cruel World, At Least I Have You.","Drama, Crime","more entertainment, mm2 entertainment, new century southward development","Malaysia, Singapore, Taiwan","ÂπøÂ∑ûËØù / Âª£Â∑ûË©±, ÊôÆÈÄöËØù, Bahasa melayu","April Chan, Serene Lim, Bront Palarae, Wu Kang-ren, Jack Tan, Tan Kim Wang",Jin Ong,Kartik Vijay,Jin Ong,"Pui-Yee Lam, Alex C. Lo, Nicole Teoh, Angelica Lee Sin-Jie","Wen Hung, Ryota Katayama",7.2,1976,/notp9F7IvfWyiDP8FKiZqGhdoOh.jpg,12,2023,48,abang adik,23,14.125806009727564,0.5885752504053151,the marvels
787699,Wonka,7.1,4105,Released,2023-12-06,634502312,117,125000000,tt6166392,en,Wonka,"Willy Wonka ‚Äì chock-full of ideas and determined to change the world one delectable bite at a time ‚Äì is proof that the best things in life begin with a dream, and if you‚Äôre lucky enough to meet Willy Wonka, anything is possible.",9.7875,Every good thing in this world started with a dream.,"Comedy, Family, Fantasy","warner bros. pictures, village roadshow pictures, the roald dahl story company, heyday films, domain entertainment","United Kingdom, United States of America",English,"Matilda Tucker, Robyn Rose, Colin O'Brien, Sally Hawkins, Matt Lucas, Rakhee Thakrar, Millie O'Donnell, Bertie Caplan, Muzz Khan, Ben Howard, Charlotte Ritchie, Isy Suttie, Alison Pargeter, Bleu Woodward, Ian Bartholomew, Ellie White, Ellie Blake, Macie Blake, Grant Crookes, Freya Parker, Rufus Jones, Sophie Winkleman, Marina Bye, Simon Farnaby, Calah Lane, Hugh Grant, Tom Davis, Rowan Atkinson, Justin Edwards, Jane Bertish, Tim FitzHigham, Rene Costa, Phil Wang, Poppy Townsend White, Paul G. Raymond, Keegan-Michael Key, Dominic Coleman, Paterson Joseph, Susie Fairfax, Mathew Baynton, Michael Abubakar, Kobna Holdbrook-Smith, Rich Fulcher, Tracy Ifeachor, Gustave Die, Timoth√©e Chalamet, Jim Carter, Lola Shepelev, Natasha Rothwell, Murray McArthur, Olivia Colman",Paul King,Chung Chung-hoon,"Paul King, Roald Dahl, Simon Farnaby","Anthony Tittanegro, Cate Adams, Luke Kelly, Michael Siegel, David Heyman, Rosie Alison, Pete Chiappetta, Tim Wellspring, Alexandra Derbyshire, Andrew Lary",Joby Talbot,6.9,184107,/qhb1qOilapbapxWQn9jtRCMwXJF.jpg,12,2023,49,wonka,28,20.268351490502145,0.6989086720862808,the marvels
838240,Robot Dreams,7.995,722,Released,2023-12-06,4656348,102,5300000,tt13429870,es,Robot Dreams,A lonely dog's friendship with his robot companion takes a sad turn when an unexpected malfunction forces him to abandon Robot at the beach. Will Dog ever meet Robot again?,11.6002,Experience a once-in-a-lifetime friendship beyond your wildest dreams,"Animation, Drama, Comedy, Science Fiction","arcadia motion pictures, lokizfilms, noodles production, les films du worso","France, Spain",No Language,"Jos√© Garc√≠a Tos, Graciela Molina, Ivan Labanda, Tito Trifol, Rafa Calvo, Esther Solans, Jos√© Luis Mediavilla",Pablo Berger,,"Pablo Berger, Sara Varon","√Ångel Dur√°ndez, Sandra Tapia D√≠az, Ibon Cormenzana, Ignasi Estap√©, Pablo Berger",Alfonso Vilallonga,7.6,23105,/ds402Qq09ybgBcXKiQNTZfzsP5o.jpg,12,2023,49,robot dreams,28,15.353742222628945,0.529439386987205,the marvels
940551,Migration,7.4,2116,Released,2023-12-06,298776052,82,72000000,tt6495056,en,Migration,"After a migrating duck family alights on their pond with thrilling tales of far-flung places, the Mallard family embarks on a family road trip, from New England, to New York City, to tropical Jamaica.",15.0618,Odd ducks welcome.,"Family, Comedy, Adventure, Animation","universal pictures, illumination",United States of America,English,"David Mitchell, Eric Osmond, Sardia Robinson, Jozanne Marie, Debra Wilson, Jeffrey Anderson-Gunter, Elizabeth Banks, JK Karliak, Tresi Gazal, Aaron Hendry, Boris Rehlinger, Danny DeVito, Willow Geer, Nisa Ward, Kumail Nanjiani, Isabela Merced, Abby Craden, Chris Renaud, Andreana Weiner, Awkwafina, Laraine Newman, Carlos Alazraqui, Luca Diaz, Sarah Musnitsky, Keegan-Michael Key, Noreen Reardon, Jess Harnell, Levi Nunez, Caspar Jennings, John DeMita, Valenzia Algarin, Benjamin Renner, Jason Pace, Christian Gazal, Ozioma Akagha, Joy Poirel, Carol Kane, Will Collyer, Django Craig, Barbara Iley",Benjamin Renner,,"Benjamin Renner, Mike White","Joy Poirel, Chris Meledandri",John Powell,6.6,43746,/dpXxBDi0ut5svjh5fbAqLoaJSq8.jpg,12,2023,49,migration,28,19.515204864102273,0.6729380987621474,the marvels
792307,Poor Things,7.7,5052,Released,2023-12-07,117607117,141,35000000,tt14230458,en,Poor Things,"Brought back to life by an unorthodox scientist, a young woman runs off with a lawyer on a whirlwind adventure across the continents. Free from the prejudices of her times, she grows steadfast in her purpose to stand for equality and liberation.",12.1951,Defy expectations.,"Science Fiction, Romance, Comedy","searchlight pictures, film4 productions, tsg entertainment, element pictures, limp, fruit tree","Ireland, United Kingdom, United States of America","English, Fran√ßais, Portugu√™s","G√°bor Patay, Willem Dafoe, Boris Gillot, Emma Stone, Ramy Youssef, Jerrod Carmichael, Jack Barton, Attila Kecskem√©thy, Carminho, Andrew Hefler, Vivienne Soan, Christopher Abbott, Jucimar Barbosa, Rapha√´l Thi√©ry, Suzy Bemba, Keeley Forsyth, David Bromley, Mark Ruffalo, Patrick de Valette, Donovan Fouassier, Gustavo Gomes, Roderick Hill, Owen Good, Wayne Brett, Damien Bonnard, Tom Stourton, Kate Handford, Attila Dobai, Jerskin Fendrix, Vicki Pepperdine, Dorina Kov√°cs, Laurent Borel, Tam√°s Szab√≥ Sipos, Jeremy Wheeler, Hubert Benhamdine, Angela Paula Stander, J√°nos Ger√©b, Noah Breton, Charlie Hiscock, Istv√°n G√∂z, Laurent Winkler, Kathryn Hunter, John Locke, Hanna Schygulla, Mascuud Dahir, Celina Schleicher, Bruna Asdorian, Yorgos Stefanakos, Margaret Qualley, Emma Hindle, Zen Joshua Poisson, Anders Grundberg, Miles Jovian",Yorgos Lanthimos,Robbie Ryan,"Mary Shelley, Tony McNamara, Alasdair Gray","Daniel Battsek, Emma Stone, Yorgos Lanthimos, Ed Guiney, Andrew Lowe, Ollie Madden",Jerskin Fendrix,7.8,358895,/kCGlIMHnOm8JPXq3rXM6c5wMxcT.jpg,12,2023,49,poor things,29,18.582860118807986,0.6194286706269329,the marvels
845111,The Three Musketeers: Milady,6.417,763,Released,2023-12-13,21730766,115,39000000,tt12672620,fr,Les Trois Mousquetaires : Milady,"D'Artagnan, on a quest to rescue the abducted Constance, runs into the mysterious Milady de Winter again. The tension between the Catholics and the Protestants finally escalates, as the king declares war ‚Äî forcing the now four musketeers into battle. But as the war goes on, they are tested physically, mentally and emotionally.",3.5448,The epic adventure continues...,"Adventure, Action, Drama","path√©, m6 films, constantin film, zdf, deaplaneta, umedia, chapter 2","France, Germany, Spain, Belgium","English, Fran√ßais","Dominique Daguier, Damien le D√©l√©zir, Olivier Le Montagner, Guyl√®ne P√©an, Jonathan Waite, Fran√ßois Civil, James Flynn, Marc Barb√©, Thomas Dedeken, Rapha√´l Mondon, Thomas Espinera, Patrick Mille, Didier Nobletz, Louis Garrel, Vincent Furic, Vicky Krieps, Jean-Paul Roy, Ruben Da Silva, Lyna Khoudri, Kelian Mar√©chaux, Vincent Cassel, Camille Rutherford, Eric Ruf, Pio Marma√Ø, Isabelle C√¥te Willems, Christophe Dimitri R√©veille, J√©r√¥me Cachon, Mark Harris, David Coburn, Romain Duris, Eva Green, Alexis Michalik, Vincent Schmitt, Olivier Lanchy, Julien Frison, Arnaud Cassand, Jacob Fortune-Lloyd, Arnaud St√©phan, Thibault Vin√ßon, Dominique Valadi√©, Ralph Amoussou",Martin Bourboulon,Nicolas Bolduc,"Alexandre Dumas, Matthieu Delaporte, Alexandre de La Patelli√®re","Dimitri Rassam, Matthieu Prada",Guillaume Roussel,6.4,11615,/3biswIjw14uDVil12nMOxcTAfmH.jpg,12,2023,50,the three musketeers: milady,35,16.89423964843436,0.46928443467873227,the marvels
365620,Ferrari,6.4,1158,Released,2023-12-14,39220516,131,95000000,tt3758542,en,Ferrari,"Set during the summer of 1957. Ex-racecar driver, Enzo Ferrari, is in crisis. Bankruptcy stalks the company he and his wife, Laura, built from nothing ten years earlier. Their tempestuous marriage struggles with the mourning for one son and the acknowledgement of another.",3.8411,Passion. Speed. Perfection ‚Äî at any cost,"History, Drama","stxfilms, forward pass, storyteller productions, ketchup entertainment, esme grace media, cecchi gori usa, red sea fund, iervolino & lady bacardi entertainment","United States of America, Italy, United Kingdom, Saudi Arabia",English,"Peter Arpesella, Maurizio Cardillo, Pen√©lope Cruz, Ben Collins, Edoardo Beraldi, Biagio Caruso, Gabriel Leone, Lino Musella, Jonathan Burteaux, Tommaso Paolucci, Tommaso Basili, Leonardo Caimi, Andrea Fiorillo, Marc Gen√©, Uladzislava Keizereva, Damiano Neviani, Robert Steiner, Daniele Carbone, Andrea Volpetti, Pietro Corradini, Michele Savoia, Brett Smrz, Jack O'Connell, Pietro Piccinini, Andrea Bruschi, Wyatt Carnel, Massimo Bottura, Alessandra D'Elia, Giuseppe Festinese, Luciano Miele, Massimo Scola, Agnese Brighittini, Javier Cornelio Merida, Shailene Woodley, Giuseppe Russo, Luca Della Valle, Valentina Bell√®, Francesco Gorga, Massi Furlan, Patrick Dempsey, Alessio Cioni, Giuseppe Attanasio, Domenico Fortunato, Alice Zanini, Lulu Najafi, Giuseppe Bonifati, Adam Driver, Andrea Dolente, Derek Hill, Jacopo Bruno, Marco Maccieri, Carlo Fei, Filippo Marchi, Edoardo Golemi, Sarah Gadon, Samuel Hubinette, Gianfilippo Grasso, Franca Abategiovanni, Modesto Menabue, Alfredo Benedettini, Alessandro Cremona, Erik Haugen, Daniela Piperno, Gabriel Noto, Marino Franchitti",Michael Mann,Erik Messerschmidt,"Brock Yates, Troy Kennedy Martin","Lars Sylvest, Mohammed Al Turki, Chris K. Daniels, Shivani Pandya Malhotra, Thomas McLeod, D.C. Cassidy, Robin Le Chanu, Artur Galstian, Antonino Il Grande, Lin Qi, Pamela Yates, Thomas Hayslip, Jahm Najafi, Gian Luigi Longinotti-Buitoni, P.J. van Sandwijk, Wei Han, Monika Bacardi, Thorsten Schumacher, Conor Molony, John Lesher, Giacomo Mattioli, Noah Fogelson, Samuel J. Brown, Michael Mann, Andrea Iervolino, Udaya Sharma, David Thomas Tao, Adam Fogelson, Jomana Al Rashid, Miki Emmrich, Michael Fiske, Adam Driver, John Friedberg, Laura Rister, Niels Juul, Gareth West, Robert Simonds, Neill Hughes, Manuel Nu√±ez, Vahan Yepremyan, Michael Fisk",Daniel Pemberton,6.4,65162,/LyCOcGqOTyTmaXu2TK8LfGveIb.jpg,12,2023,50,ferrari,36,17.484710560695568,0.472559744883664,the marvels
927107,The Bricklayer,5.8,347,Released,2023-12-14,899683,110,23900000,tt2016303,en,The Bricklayer,"Someone is blackmailing the CIA by assassinating foreign journalists and making it look like the agency is responsible. As the world begins to unite against the U.S., the CIA must lure its most brilliant ‚Äì and rebellious ‚Äì operative out of retirement, forcing him to confront his checkered past while unraveling an international conspiracy.",4.8149,Some secrets are deadly.,"Action, Thriller","eclectic pictures, millennium media",United States of America,"English, Fran√ßais","Teodora Djuric, Michael Siriopoulos, Tim Blake Nelson, Veronica Ferres, Laura Hopper, Ori Pfeffer, Christopher Kikis, Roman Jankoviƒç, Myy Harlin, Konstantin Adaev, Zachary Willis, Ilfenesh Hadera, Cristina Serafini, Anastasia Doumtsis, Oliver Trevena, John T. Woods, Iurii Vashurin, Nina Dobrev, Lili Rich, David Kennedy, Manos Galanis, Akis Sakellariou, Vasilis Kanelopoulos, Aaron Eckhart, Johanna Harlin, Clifton Collins Jr.",Renny Harlin,Matti Eerik√§inen,"Paul Lindsay, Hanna Weg, Matt Johnson","Gerard Butler, Boaz Davidson, Yariv Lerner, Les Weldon, Jonathan Yunger, Heidi Jo Markel, Rob Van Norden, Erik Lindsay, Jeffrey Greenstein, Avi Lerner, Tanner Mobley, Darina Pavlova, Trevor Short, Danielle Robinson, Alan Siegel",Walter Mair,5.2,13516,/36pYugctLa70NmwMEgXTR1G31Kq.jpg,12,2023,50,the bricklayer,36,13.709798869541398,0.37053510458219996,the marvels
572802,Aquaman and the Lost Kingdom,6.573,3240,Released,2023-12-20,440181226,124,205000000,tt9663764,en,Aquaman and the Lost Kingdom,"Black Manta seeks revenge on Aquaman for his father's death. Wielding the Black Trident's power, he becomes a formidable foe. To defend Atlantis, Arthur (Aquaman) forges an alliance with his imprisoned brother. They must protect the kingdom.",13.7662,The tide is turning.,"Action, Adventure, Fantasy","warner bros. pictures, the safran company, atomic monster, dc films, domain entertainment",United States of America,"ÊôÆÈÄöËØù, English, ÌïúÍµ≠Ïñ¥/Ï°∞ÏÑ†Îßê","Michael Beach, Jason Momoa, Patrick Wilson, Samuel Gosrani, Dylan Silver, Jani Zhao, Temuera Morrison, Amber Heard, Michael Oladele, John Rhys-Davies, Jonny Vaughton, Jon Birkbeck, Jack Waldouck, Jonathan Bremner, Indya Moore, Pilou Asb√¶k, Jay Rincon, Ricardo Molina, Osian Roberts, Arthur Rowe-Mayer, Natalia Safran, Tyler Burger, Nicole Kidman, Vincent Regan, Maddox Cruz-Porter, Mark Kwak, Yahya Abdul-Mateen II, Julie Chang, Noah Rowe-Mayer, Nikau Keats Green, Grant Huggair, Lucian Oben-Perpa, Jay McDonald, Martin Short, Sohm Kapila, Elliot Oben-Perpa, River Ao MoemoeƒÅ Green, Randall Park, Ingrid Bisu, Bodhi McCabe, Dolph Lundgren",James Wan,Don Burgess,"Paul Norris, Jason Momoa, Mort Weisinger, Thomas Pa'a Sibbett, David Leslie Johnson-McGoldrick, James Wan","Walter Hamada, Andrew Lary, Anthony Tittanegro, Peter Safran, Rob Cowan, Galen Vaisman, Pete Chiappetta, James Wan",Rupert Gregson-Williams,5.6,112902,/jcA2QFJ4wuFcG79P97wA7OBLQoL.jpg,12,2023,51,aquaman and the lost kingdom,42,19.90269707962294,0.4628534204563474,the marvels
660360,Noryang: Deadly Sea,6.4,149,Released,2023-12-20,34210966,153,40000000,tt22813112,ko,ÎÖ∏Îüâ: Ï£ΩÏùåÏùò Î∞îÎã§,"The Imjin War reaches its seventh year in December of 1598. Admiral Yi Sun-shin learns that the Wa invaders in Joseon are preparing for a swift withdrawal following the deathbed orders of their leader Toyotomi Hideyoshi. Determined to destroy the enemy once and for all, Admiral Yi leads an allied fleet of Joseon and Ming ships to mount a blockade and annihilate the Wa army. However, once Ming commander Chen Lin is bribed into lifting the blockade, Wa lord Shimazu Yoshihiro and his Satsuma army sail to the Wa army's rescue at Noryang Strait.",2.5664,The long-awaited final clash.,"War, Action, History, Drama",big stone pictures,South Korea,"ÌïúÍµ≠Ïñ¥/Ï°∞ÏÑ†Îßê, ÊôÆÈÄöËØù, Êó•Êú¨Ë™û","Bae Han-seong, Park Hoon, Ahn Se-ho, Baek Yoon-sik, Kim Yun-seok, Nam Kyung-eup, Ahn Sung-ki, Song Yo-sep, Ju Seok-tae, Choi Jung-tae, Ahn Seong-bong, Kim Sung-kyu, Lee Sung-wook, Jung Jae-young, Kim Min-sang, Kim Joong-hee, Lee Kyoo-hyung, You Seong-joo, Park Myung-hoon, Lee Mu-saeng, Nam Myung-ryeol, Ahn Bo-hyun, Kim Tae-eung, Jeon Woon-jong, Park Yong-woo, Lee Je-hoon, Gun Woo, Kim Jae-young, Huh Joon-ho, Choi Deok-moon, Yeo Jin-goo, Moon Jeong-hee, Lee San-ho, Choi Kwang-je, Gong Myoung, Jeong Gi-seop, Oh Nu-ri",Kim Han-min,Kim Tae-sung,"Lee Na-ra, Yoon Hong-gi, Kim Han-min","Lee Dae-hee, Lee Na-ra, Kim Han-min, Kim Ju-kyung",Kim Tae-seong,6.3,1187,/sRvL19WMG883eFyfs3wBRxf6Vx0.jpg,12,2023,51,noryang: deadly sea,42,17.34805682314301,0.4034431819335584,the marvels
770906,Salaar: Part 1 - Ceasefire,6.7,97,Released,2023-12-21,87229100,175,34000000,tt13927994,te,‡∞∏‡∞≤‡∞æ‡∞∞‡±ç: ‡∞™‡∞æ‡∞∞‡±ç‡∞ü‡±ç‚Äå 1 ‚Äì ‡∞∏‡±Ä‡∞ú‡±ç‚Äå‡∞´‡±à‡∞∞‡±ç‚Äå,"Set in the fictional dystopian city-state of Khansaar, the film follows the friendship between Deva, a tribesman, and Varadha, the prince of Khansaar. When a coup d'√©tat is planned by his father's ministers and his relatives, Varadha enlists Deva's help to become Khansaar's undisputed ruler.",7.6364,THE MOST VIOLENT MEN... CALLED ONE MAN... THE MOST VIOLENT,"Action, Crime, Drama",hombale films,India,‡∞§‡±Ü‡∞≤‡±Å‡∞ó‡±Å,"Saurav Lokesh, Karthikeya Dev, Shafi, Sathvik Varma, Bobby Simha, Farzana, Ravi Bhat, Harsh Roshan, Devaraj, Sriya Reddy, John Vijay, Sampath Ram, Jhansi, Saptagiri, Mime Gopi, Prudhviraj, Tinnu Anand, Prabhas, Easwari Rao, Vajrang Shetty, Madhu Guruswamy, Prithviraj Sukumaran, Shruti Haasan, Vasanthika, Videsh Anand, Ramana, Jagapati Babu, Cheluvaraj, Pramod Panju, M. S. Chowdhary, Naveen Shankar, Kalpalatha, Ramachandra Raju, Brahmaji",Prashanth Neel,,Prashanth Neel,Vijay Kiragandur,Ravi Basrur,6.6,77219,/nlu9WbcetNFRGXXPWITr30ob7W6.jpg,12,2023,51,salaar: part 1 - ceasefire,43,18.28404856026894,0.41554655818793046,the marvels
850165,The Iron Claw,7.5,1104,Released,2023-12-21,40130232,132,15900000,tt21064584,en,The Iron Claw,"The true story of the inseparable Von Erich brothers, who made history in the intensely competitive world of professional wrestling in the early 1980s. Through tragedy and triumph, under the shadow of their domineering father and coach, the brothers seek larger-than-life immortality on the biggest stage in sports.",3.9469,Sons. Brothers. Champions.,"History, Drama","a24, bbc film, access entertainment, house productions","United Kingdom, United States of America",English,"James Beard, Kristina Kingston, Zac Efron, Stanley Simons, Garrett Hammond, Silas Mason, Chavo Guerrero Jr., Chelsea Edmundson, Maxwell Jacob Friedman, Brett Beoubay, Michael Papajohn, Holt McCallany, Aaron Dean Eisenberg, Lily James, Romeo Newcomer, Dane Alexander Peplinski, Scott Innes, Harris Dickinson, Brian Hite, Ernest Marsh, Maura Tierney, Jim Gleason, Mike Dell, Sam Franich, Cazzey Louis Cereghino, Cassidy O'Reilly, Michael Harney, Jeremy Allen White, Jullian Dulce Vida, Timothy Hinrichs, Brady Pierce, Grady Wilson, Valentine Newcomer, Ronnie Yelverton, Ryan Nemeth, Devin Imbraguglio, Terry J. Nelson, Kevin Anton, Leo Franich",Sean Durkin,M√°ty√°s Erd√©ly,Sean Durkin,"Danny Cohen, Angus Lamont, Derrin Schlesinger, Juliette Howell, Harrison Huffman, Eva Yates, Sean Durkin, Maxwell Jacob Friedman, Len Blavatnik, Tessa Ross",Richard Reed Parry,7.6,113228,/lsdismtCDga4vsKnmliz0h7CaZT.jpg,12,2023,51,the iron claw,43,17.50764054835632,0.3979009215535527,the marvels
960876,Dunki,6.2,84,Released,2023-12-21,501000000,159,239000000,tt15428134,hi,‡§°‡§Ç‡§ï‡•Ä,"Four friends from a sleepy little village in Punjab share a common dream: to go to England. Their problem is that they have neither the visa nor the ticket. A soldier alights from a train one day, and their lives change. He gives them a soldier's promise: He will take them to the land of their dreams. What follows is a hilarious and heartwarming tale of a perilous journey through the desert and the sea, but most crucially through the hinterlands of their mind.",2.4508,A Soldier's journey to keep a promise,"Adventure, Comedy, Drama","red chillies entertainment, rajkumar hirani films, jio studios",India,"‡§π‡§ø‡§®‡•ç‡§¶‡•Ä, ‡®™‡©∞‡®ú‡®æ‡®¨‡©Ä","Vikram Kochhar, Jatinder Kaur, Ketan Desai, Taapsee Pannu, Sahil Mukhi, Laszlo Szantai, Vikram Singh Ranjha, Gary Tantony, Vicky Kaushal, Suhail Zargar, Fawzi Suliman, Faiz Mohd Khan, Asein Uwaifo, Anita Bakay, Salem Kali, Jihan Jeetendra Hodar, Hella Stichlmair, Deven Bhojani, Boman Irani, Emily Swain, Declan Lambert, Aakriti Pandey, Ayushi Singh, Boame Solomon Godson, Ajit Singh Banga, Manoj Kant, Mohd Abo Almajd, Davinder Kaur, Ranjan Saw, Ahmad Alsadi, Mushari Alatawi, Gecsei Gergely, Ajay Kumar, Khurshed Lawyer, Jaanvi Sanghwan, Haifa Quali, Melika Sarmadi, Adel Hmoud, Rohitashv Gour, Sunil Uppal, Csaba Szabolcsi, Amro Hussain, Daniel Short, Mallika Dang, Rajesh Mishra, Lajos Orgovan, Gabor Masznyik, Pal Mellar, Sunny Tarar, Adhikary Teresa Borna, Prabhakar Pandey, Ananya Sharma, Komal Sachdeva, Palmer Johnny, Varun Kulkarni, Karan Khanna, Jay Miller, Atilla Arpa, Vinod Goswami, Sandeep Pathare, Karim Saidi, Boldiszar Kolos, Kerill Kelly, Vishnu Saxena, Sofunwa Olaniyi, Fursan Alsafadi, Jitender Hooda, Sunil Prajapati, Sakpal Singh Banga, Lucy Jamieson, Mahabir Bhullar, Tibor Borde, Jeremy Wheeler, Sapna Sand, Umesh Singh, Sanjiv Kishinchandani, Sumit Yadav, Sean Sharma, Shivam Parashar, Dushyanth Pandir, Karam Singh Bhoai, Majed Alkabi, Csaba Patinszki, Amardeep Jha, Salman Zaidi, Aliraza Namdar, Vibhuti Upadhyay, Ashish Sejwal, Gaurav Govind, Imre Cs√≥k, Surinderpal Singh, Himanshu Maggo, Riz Mohammed, Rajendra Ojha, David Nagy, Dorottya Nanasi, Manish Kumar, Anil Grover, Naveen Kalirawana, Richard Klein, Vivek Sharma, Abdulrehman Ahlrabi, Shahid Latief, Khalid Almaki, Swati Singh, Arun Bali, Keval Ramesh Bhingare, Gurpreet Ghuggi, Jyoti Subhash, Harpal Singh Abott, Zoltan Barta, Suparna Marwah, Jagannath Seth, Samrat Soni, Peter Kulcsar, Kristof Lakatos, Ehsan Ula, Tamas Miklosi, Vijayant Kohli, Gy√∂rgy Czutor, Harpal Singh Bunty, Rahul Khanna, Shah Rukh Khan, Chris Kaye, Priya Sindher, G√°bor Moln√°r, Kiranpal Singh Dhody, Emmad Samman, Piyush Raina, Diwanshu Gambhir, Nikhil Ratnaparkhi, Geza Demeter, Vishnu Kaushal, Ryan Cretney",Rajkumar Hirani,"Manush Nandan, C.K. Muraleedharan, Amit Roy","Rajkumar Hirani, Javed Akhtar, Abhijat Joshi, Karan Narvekar, Irshad Kamil, IP Singh, Varun Grover, Kanika Dhillon, Amitabh Bhattacharya, Swanand Kirkire, Kumaar","Rajkumar Hirani, Jyoti Deshpande, Gauri Khan, Shah Rukh Khan, Sanjiv Kishinchandani","Shekhar Ravjiani, Aman Pant",6.5,84228,/kPRb1mbVHGop0egQ7153y0lhzGL.jpg,12,2023,51,dunki,43,20.032116661045148,0.45527537866011697,the marvels
1072790,Anyone But You,6.8,2783,Released,2023-12-21,214891370,103,25000000,tt26047818,en,Anyone But You,"After an amazing first date, Bea and Ben‚Äôs fiery attraction turns ice cold ‚Äî until they find themselves unexpectedly reunited at a destination wedding in Australia. So they do what any two mature adults would do: pretend to be a couple.",9.9314,They only look like the perfect couple.,"Romance, Comedy","olive bridge entertainment, roth-kirschenbaum films, sk global entertainment, columbia pictures",United States of America,English,"Lance Kerfuffle, Sydney Sweeney, Aiden Mckenzie, Alexandra Gluck, Theodore Avery, Nat Buchanan, Joe Davidson, Jen Boxer, Davina Chan Gallagher, Armani Pinto, Talayna Moana Nikora, Deborah Faye Lee, Michelle Hurd, Charlee Fraser, Bryan Brown, Alexandra Shipp, Dermot Mulroney, Rachel Griffiths, Jacob Yee, Victoria Ferrara, Mariama Whitton, Apit Karki, Summer Tian, Ryan Panizza, Maple, Dan Liu, Taryn Gluck, Hiroshi Kasuga, Ben Heber, Mia Artemis, GaTa, Darren Barnet, Hadley Robinson, Glen Powell, Beau Karolos, Heloise D'Annunzio",Will Gluck,Danny Ruhlmann,"Will Gluck, Ilana Wolpert","Sydney Sweeney, Jeff Kirschenbaum, Natalie Sellers, Jacqueline Monetta, Sidney Kimmel, Joe Roth, Alyssa Altman, Catherine Bishop, Charlie Corwin, Jonathan Davino, Will Gluck, Mark O'Connor","Este Haim, Christopher Stracey",6.1,160443,/5qHoazZiaLe7oFBok7XlUhg96f2.jpg,12,2023,51,anyone but you,43,19.185643207246766,0.4360373456192447,the marvels
994108,All of Us Strangers,7.413,918,Released,2023-12-22,14864960,105,5000000,tt21192142,en,All of Us Strangers,"One night in his near-empty tower block in contemporary London, Adam has a chance encounter with a mysterious neighbor Harry, which punctures the rhythm of his everyday life.",5.9117,All of us hurt. All of us hope. All of us love.,"Romance, Drama, Fantasy","film4 productions, blueprint pictures, searchlight pictures, tsg entertainment","United Kingdom, United States of America",English,"Paul Mescal, Ami Tredrea, Sean Tizzard, Jamie Bell, Claire Foy, Carter John Grout, Andrew Scott",Andrew Haigh,Jamie D. Ramsay,"Andrew Haigh, Taichi Yamada","Daniel Battsek, Sarah Harvey, Ollie Madden, Ben Knight, Peter Czernin, Diarmuid McKeown, Graham Broadbent, Farhana Bhula",Emilie Levienaise-Farrouch,7.6,75472,/aviJMFZSnnCAsCVyJGaPNx4Ef3i.jpg,12,2023,51,all of us strangers,44,16.51451739079838,0.3669892753510752,the marvels
