id,title,vote_average,vote_count,status,release_date,revenue,runtime,budget,imdb_id,original_language,original_title,overview,popularity,tagline,genres,production_companies,production_countries,spoken_languages,cast,director,director_of_photography,writers,producers,music_composer,imdb_rating,imdb_votes,poster_path,release_month,release_year,iso_week,title_clean,distance,strength,score,marvel_movie,attributes,blank,internet,total,internet_ratio,internet_dominance,error
44943,Battle: Los Angeles,5.8,3604,Released,2011-03-08,211800000,116,70000000,tt1217613,en,Battle: Los Angeles,"When once distant UFOs become a terrifying threat and an alien invasion force begins attacking Earths major costal and riverside cities, a U.S Marine staff sergeant and his team are sent into battle only to find they must take it upon themselves to defeat an unknown enemy and protect what remains of Los Angeles.",2.7979,It's not war. It's survival.,"Science Fiction, Action","columbia pictures, relativity media, original film",United States of America,"English, –£–∫—Ä–∞—ó–Ω—Å—å–∫–∏–π","Ava Bogle, Beth Keener, Ram√≥n Rodr√≠guez, Alex Aristidis, Adetokumboh M'Cormack, Michael Wozniak, Jim Parrack, Jadin Gould, Michelle Rodriguez, Gino Anthony Pesi, E. Roger Mitchell, James D. Dever, Neil Brown Jr., Aaron Eckhart, Tom Hillmann, Charlotte Biggs, Marlon Young, Brandi Coleman, Jamie Norwood, Joey King, Jessica Heap, Phillip Lawrence, Cory Hardrict, Stacey Turner, James Hiroyuki Liao, Lena Clark, David Jensen, Joe Chrest, Noel Fisher, Kurt Deville, Ne-Yo, Lucas Till, Michelle Pierce, Michael Pe√±a, Bryce Cass, Taylor Handley, Rus Blackwell, Courtney Munch, Todd Cochran, Susie Abromeit, Nzinga Blake, Kenneth Brown Jr., Bridget Moynahan, Taryn Southern, Keith Middlebrook, Grant Case, Will Rothhaar, Nick Jones Jr., Jim Palmer",Jonathan Liebesman,Lukas Ettlin,Christopher Bertolini,"Jeffrey Chernov, Neal H. Moritz, David Greenblatt, Ori Marmur",Brian Tyler,5.7,189106,/jloyGeVYZSxM9zsLFvVOWuj2ey4.jpg,3,2011,10,battle: los angeles,-44,19.171152995853017,0.426025622130067,thor,"westwood, california (1), premiere (1), blank (53), dvd premiere (2), blu-ray release (1)",53,0,58,0.0,no,no
50321,Mars Needs Moms,5.9,744,Released,2011-03-09,39000000,88,150000000,tt1305591,en,Mars Needs Moms,"When Martians suddenly abduct his mom, mischievous Milo rushes to the rescue and discovers why all moms are so special.",6.332,Mom needs a little space.,"Adventure, Animation, Family","walt disney pictures, imagemovers digital",United States of America,English,"Mindy Sterling, Raymond Ochoa, Adam Jennings, Robert Ochoa, Dee Bradley Baker, Kirsten Severson, Amber Gainey Meade, Matthew Henerson, Tom Everett Scott, Ryan Ochoa, Stephen Kearin, Seth Robert Dusky, Breckin Meyer, Julene Renee, Seth Green, Jacquie Barnbrook, Aaron Rapke, Joan Cusack, Elisabeth Harnois, Kevin Cahoon, Dan Fogler",Simon Wells,Robert Presley,"Berkeley Breathed, Simon Wells, Wendy Wells","Steven J. Boyd, Robert Zemeckis, Steve Starkey, Jack Rapke",John Powell,5.4,25041,/g94LNU4pipIUJLkTvYIgNGfT2J2.jpg,3,2011,10,mars needs moms,-43,17.479072229734946,0.3972516415848851,thor,"blank (35), dvd premiere (6), future film festival (1)",35,0,42,0.0,no,no
49730,Red Riding Hood,6.0,3243,Released,2011-03-10,89162162,100,42000000,tt1486185,en,Red Riding Hood,"Valerie is in love with a brooding outsider, Peter, but her parents have arranged for her to marry another man. Unwilling to lose each other, Valerie and Peter plan to run away together when Valerie's older sister is killed by a werewolf that prowls the dark forest surrounding their village. Panic grips the town as Valerie discovers that she has a unique connection to the beast--one that inexorably draws them together, making her both suspect ... and bait.",4.899,Who's afraid?,"Thriller, Drama, Fantasy, Mystery, Horror, Romance","appian way, random films, warner bros. pictures","Canada, United States of America",English,"Olivia Steele-Falconer, Shiloh Fernandez, Jordan Becker, Adrian Holmes, Lauro David Chartrand-DelValle, Paul Wu, Cole Heppell, James Michalopolous, Shauna Kain, Gary Oldman, Darren Shahlavi, Virginia Madsen, Jen Halley, Samuel A. Smith, Don Thompson, Dalila Bela, Kacey Rohl, D.J. Greenburg, Chris Webb, Michael Hogan, Alexandria Maillot, Dalias Blake, Bella King, Megan Charpentier, Carmen Lavigne, Sarah Elgart, Lukas Haas, Michael Adamthwaite, Kaitlyn McCready, Billy Burke, Monika Spruch, Mark Jaxin, Christine Willes, Julie Christie, Amanda Seyfried, Matt Ward, Che Pritchard, Brad Kelly, Jana Berengel, Michelle Christa Smith, Gavin Buhr, Max Irons, Michael Shanks",Catherine Hardwicke,Mandy Walker,David Leslie Johnson-McGoldrick,"Catherine Hardwicke, Jennifer Davisson, Michael Ireland, Jim Rowe, Leonardo DiCaprio, Julie Yorn","Brian Reitzell, Alex Heffes",5.4,118590,/dMI4XZCfC0VhUNN1Ds6ty6iRoyJ.jpg,3,2011,10,red riding hood,-42,18.305967325945417,0.4257201703708236,thor,"los angeles, california (1), premiere (1), blank (40), limited (10), shanghai international film festival (1), blu-ray release (1), internet (2)",40,2,56,0.04,no,no
38684,Jane Eyre,7.2,1519,Released,2011-03-11,34710627,120,13000000,tt1229822,en,Jane Eyre,"After a bleak childhood, Jane Eyre goes out into the world to become a governess. As she lives happily in her new position at Thornfield Hall, she meets the dark, cold, and abrupt master of the house, Mr. Rochester. Jane and her employer grow close in friendship and she soon finds herself falling in love with him. Happiness seems to have found Jane at last, but could Mr. Rochester's terrible secret be about to destroy it forever?",6.4369,She sought refuge‚Ä¶ and found a place haunted by secrets.,"Drama, Romance","bbc film, ruby films, focus features, lipsync productions","United Kingdom, United States of America","Fran√ßais, English","Mia Wasikowska, Laura Phillips, Joseph Kloska, Harry Lloyd, Imogen Poots, Eglantine Rembauville-Nicolle, Joe Van Moyland, Sophie Ward, Emily Haigh, Holliday Grainger, Jayne Wisener, Sally Hawkins, Sandy McDade, Hayden Phillips, Edwina Elek, Ben Roberts, Amelia Clarkson, Judi Dench, Ewart James Walters, Freya Wilson, Michael Fassbender, Georgia Bourke, Ned Dennehy, Sarah Jane Close, Tamzin Merchant, Freya Parks, Angela Curran, Jamie Bell, Sally Reeve, Simon McBurney, Rosie Cavaliero, Lizzie Hopley, Craig Roberts, Romy Settbon Moore, Valentina Cervi, Su Elliot",Cary Joji Fukunaga,Adriano Goldman,"Charlotte Bront√´, Moira Buffini","Alison Owen, Christine Langan, Paul Trijbits, Peter Hampden",Dario Marianelli,7.3,96692,/3Cn7D0wEaxnvm8kTta1osNu3QJv.jpg,3,2011,10,jane eyre,-41,17.36255648044295,0.4133942019153083,thor,"new york city, new york (1), premiere (1), limited (3), blank (37), karlovy vary international film festival (1), dvd premiere (7), hamburg film festival (1), sitges film festival (1), gent international film festival (1), panorama of european cinema (1), belgrade film festival (1), artisokka film festival (1), cabourg film festival (1), paris cinéma (1), tv premiere (1)",37,0,59,0.0,no,no
43935,Dylan Dog: Dead of Night,4.73,511,Released,2011-03-16,4634062,107,20000000,tt1013860,en,Dylan Dog: Dead of Night,"Supernatural private eye, Dylan Dog, seeks out the monsters of the Louisiana bayou in his signature red shirt, black jacket and blue jeans.",0.8429,No pulse? No problem,"Action, Comedy, Horror, Mystery, Science Fiction, Thriller, Fantasy","hyde park entertainment, platinum studios, long distance films",United States of America,"English, T√ºrk√ße","Courtney James Clark, Kurt Angle, Gabrielle Chapin, James H√©bert, Ryan Turek, Marco St. John, Kimberly Whalen, Taye Diggs, Courtney Shay Young, Sam Huntington, Anita Briem, Peter Stormare, Brandon Routh, Randal Reeder, Andrew Sensenig",Kevin Munroe,Geoffrey Hall,"Thomas Dean Donnelly, Tiziano Sclavi, Joshua Oppenheimer",Gilbert Adler,Klaus Badelt,5.1,16029,/nZdYn5IktnGVg7pRA2JHD1rdZDH.jpg,3,2011,11,dylan dog: dead of night,-36,15.348944579048208,0.4148363399742759,thor,"american film market (1), blank (13), dvd premiere (3), horrorthon festival dublin (1)",13,0,18,0.0,no,no
59415,My Friends: Act IV ‚Äì How It All Began,4.1,95,Released,2011-03-16,3333050,109,15000000,tt1656168,it,Amici miei - Come tutto ebbe inizio,"Jacopo, Duccio, Cecco, Manfredo and Filippo are five friends who live in Florence of the fifteenth century, during a plague epidemic.",0.6146,"At the height of its splendor, Florence was struck by a calamity: BOREDOM! To combat it, 5 friends relied on new remedies: gypsies, fishermen, fooling around? I'm fucking around!",Comedy,filmauro,Italy,Italiano,"Massimo Ceccherini, Chiara Francini, Katia Beni, Eros Pagni, Massimo Ghini, Giorgio Panariello, Aline Pilato, Sergio Forconi, Andrea Buscemi, Alessandro Paci, Franco Pistoni, Ainett Stephens, David Riondino, Barbara Enrichi, Giorgio Ariani, Christian De Sica, Graziano Salvadori, Alessandra Acciai, Paolo Hendel, Pamela Villoresi, Michele Placido, Andrea Muzzi, Alessandro Benvenuti",Neri Parenti,Luciano Tovoli,"Neri Parenti, Leonardo Benvenuti, Marco Martani, Fausto Brizzi, Piero De Bernardi, Tullio Pinelli","Maurizio Amati, Luigi De Laurentiis, Aurelio De Laurentiis",Andrea Guerra,3.2,554,/6DDYFWsSnYmoKM4ssouD47EYV7A.jpg,3,2011,11,my friends: act iv ‚äì how it all began,-36,15.019398658702965,0.4059296934784585,thor,blank (1),1,0,1,0.0,no,no
50348,The Lincoln Lawyer,7.2,3465,Released,2011-03-17,85412898,119,40000000,tt1189340,en,The Lincoln Lawyer,"Mick Haller is a charismatic defense attorney who does business out of his Lincoln Continental sedan. Mick spends most of his time defending petty crooks and other bottom-feeders, so it comes as quite a surprise when he lands the case of a lifetime: defending a Beverly Hills playboy who is accused of attempted murder. However, what Mick initially thinks is an open-and-shut case with a big monetary reward develops into something more sinister.",25.734,This case is a dangerous game of life and death.,"Crime, Drama, Thriller","sidney kimmel entertainment, lionsgate, lakeshore entertainment, stone village pictures",United States of America,English,"Michael Pe√±a, Michaela Conlin, Ryan Phillippe, Rebecca Jordan, Jeff Cole, Ron Kari, Tilda Del Toro, Michael Par√©, Melanie Molnar, Mark Casimir Dyniewicz Jr., Sophia Strauss, Margarita Levieva, Sam Upton, Conor O'Farrell, William H. Macy, Javier Grajeda, Laurence Mason, Bryan Cranston, Yari De Leon, Donnie Smith, Eric Etebari, Josh Lucas, Erin Carufel, Matthew McConaughey, David Castro, Pell James, Marisa Tomei, Robert Amstler, Ryan Van de Kamp Buchanan, Shea Whigham, Frances Fisher, Rachel Wittman, Stephanie Mace, Bob Gunton, Randy Mulkey, Christian George, L. Emille Thomas, Matthew Moreno, John Leguizamo, Reggie Baker, Melanie Benz, Kate Moennig, Trace Adkins, Mackenzie Aladjem, Keith Middlebrook, Monica Cabral",Brad Furman,Lukas Ettlin,"John Romano, Michael Connelly","Tom Rosenberg, Bruce Toll, Sidney Kimmel, Eric Reid, Scott Steindorff, Richard S. Wright, David Kern, Gary Lucchesi",Cliff Martinez,7.3,266124,/gOn8Ve9Yi8fxjRkmLr5BZoOc7KV.jpg,3,2011,11,the lincoln lawyer,-35,18.26300768950765,0.5073057691529902,thor,"hollywood, california (1), premiere (1), blank (45), blu ray premiere (1), dvd premiere (2), internet (3)",45,3,53,0.06,no,no
51876,Limitless,7.191,11043,Released,2011-03-17,161900000,105,27000000,tt1219289,en,Limitless,The life of an unsuccessful writer is transformed by a top-secret 'smart drug' that allows him to use 100% of his brain and become a perfect version of himself. His enhanced abilities soon attract shadowy forces that threaten his new life.,5.7536,What if a pill could make you rich and powerful?,"Thriller, Mystery, Science Fiction","relativity media, virgin produced, many rivers productions, boy of the year, rogue pictures, mandate international",United States of America,"English, Italiano, P—É—Å—Å–∫–∏–π, ÊôÆÈÄöËØù, Fran√ßais","Damali Mason, Anna Parkinson, Richard Miller, Bradley Cooper, Johnny Whitworth, Saxon Palmer, Ned Eisenberg, Eddie J. Fernandez, Rebecca Dayan, Caroline Winberg, Joe McCarthy, Patricia Kalember, Tom Bloom, Damaris Lewis, Meg McCrossen, Piper Brown, Dave Droxler, Stephanie Humphrey, Chris McMullin, Darren Goldstein, Stephen Sable, Cindy Katz, Laurence Roscoe, Ann Talman, Robert Bizik, Hugh Douglas, Richard Bekins, Brian Anthony Wilson, Robert De Niro, Nicolas Le Guern, Andrew Howard, Tomas Arana, Daniel Breaker, T.V. Carpio, Robert John Burke, Luisina Quarleri, Arlette de Alba, Howard Strong, Peter Pryor, Anna Friel, Ray Siegle, Tom Teti, Nina Hodoruk, Abbie Cornish, Simon MacLean, Ann Marie Green, Violeta Silva",Neil Burger,Jo Willems,"Alan Glynn, Leslie Dixon","Leslie Dixon, Tucker Tooley, Ryan Kavanaugh, Bradley Cooper, Scott Kroopf, Jason Felts",Paul Leonard-Morgan,7.4,638252,/un0a2U7KLjMH77N6EhqYh7ZOlVx.jpg,3,2011,11,limitless,-35,18.902489424824516,0.5250691506895699,thor,"new york city, new york (1), premiere (2), blank (51), dvd premiere (3), buenos aires (1)",51,0,58,0.0,no,no
55725,Win Win,6.8,521,Released,2011-03-18,10654385,106,10831173,tt1606392,en,Win Win,"When down-on-his-luck part-time high school wrestling coach Mike agrees to become legal guardian to an elderly man, his ward's troubled grandson turns out to be a star grappler, sparking dreams of a big win -- until the boy's mother retrieves him.",0.9203,"In the game of life, you can't lose 'em all.","Drama, Comedy","next wednesday productions, fox searchlight pictures, everest entertainment, groundswell productions",United States of America,English,"Marcia Haufrecht, Darren Goldstein, Sophie Kindred, Penelope Kindred, Clare Foley, Marceline Hugot, Burt Young, Melanie Lynskey, Dariusz M. Uczkowski, Tim Ransom, Jeffrey Tambor, Alex Shaffer, David Thompson, Nina Arianda, Margo Martindale, Paul Giamatti, Sharon Wilkins, Bobby Cannavale, Amy Ryan, Pam Levine, Edmund Ikeda, Joseph Tiboni",Tom McCarthy,Oliver Bokelberg,"Joe Tiboni, Tom McCarthy","Lisa Maria Falcone, Tom Heller, Michael London, Tom McCarthy, Mary Jane Skalski, Lori Keith Douglas",Lyle Workman,7.1,56108,/xX0Ryq5J2weFF5BPYb80giKUL02.jpg,3,2011,11,win win,-34,16.18148219632652,0.4623280627521863,thor,"sundance film festival (1), belgrade film festival (1), limited (1), wisconsin film festival (1), blank (15), karlovy vary international film festival (1), athens film festival (1), dvd premiere (2), rio de janeiro international film festival (1), gent international film festival (1), amsterdam film week (1), tallinn black nights film festival (1), torino film festival (1), tv premiere (1)",15,0,29,0.0,no,no
56401,The Music Never Stopped,7.202,166,Released,2011-03-18,253899,105,4000000,tt1613062,en,The Music Never Stopped,"Henry struggles to bond with his estranged son, Gabriel, who suffers from a brain tumor that prevents him from forming new memories. With Gabriel unable to shed the beliefs and interests that caused their physical and emotional distance, Henry must learn to embrace his son's choices and try to connect with him through music.",1.0726,"No matter how lost you are, music can bring you home.",Drama,"mr. tamborine man, essential pictures",United States of America,English,"Tammy Blanchard, Xander Johnson, J.K. Simmons, Lou Taylor Pucci, James Urbaniak, Max Antisell, Mark Greenberg, Ryan Karels, Peggy Gormley, Julia Ormond, Cara Seymour, Wade Mylius, Erica Fae, James Eason, Rich Campbell, Scott Adsit, Buzz Roddy, Martin Moran, Matthew J. McCarthy, Jesse Roche, M√≠a Maestro, Rashad Edwards, Josh Segarra",Jim Kohlberg,Stephen Kazmierski,"Gwyn Lurie, Gary Marks","Jim Kohlberg, Brad Luff, Peter Newman, Julie W. Noll, Neal H. Moritz, Greg Johnson",Paul Cantelon,7.5,8945,/hbKqNh3bi2Do4cpefIbBNUdQJg6.jpg,3,2011,11,the music never stopped,-34,12.44469576769277,0.3555627362197934,thor,"sundance film festival (1), portland, oregon (1), hamburg film festival (1), blank (5), dvd premiere (2), tv premiere (1)",5,0,11,0.0,no,no
23629,Sucker Punch,6.2,4908,Released,2011-03-24,89792502,110,82000000,tt0978764,en,Sucker Punch,"A young woman, institutionalized by her abusive stepfather, retreats into a vivid fantasy world where she envisions a plan to escape. Gathering a group of fellow inmates, she embarks on a quest to collect five mystical items, blurring the lines between reality and imagination.",6.9987,You will be unprepared.,"Action, Fantasy, Thriller","legendary pictures, lennox house films, warner bros. pictures, cruel & unusual films","Canada, United States of America","English, Deutsch","Kelora Clingwall, Patrick Sabongui, Oscar Isaac, Emily Browning, John Howard, Gina Garenkooper, Phillip Mitchell, Stephanie Sy, Peter Bryant, Brad Kelly, Revard Dufresne, Scott Glenn, John R. Taylor, Gerard Plunkett, Jon Hamm, Daniela Dib, Ian Tracey, Jeff Dimitriou, Geneen Georgiev, Richard Cetrone, Frederique De Raucourt, Gary A. Hecker, Carla Gugino, Louise Hradsky, Hailley Caulfield, Chris Nowland, Juliana Semenova, A.C. Peterson, Michael Adamthwaite, Caitlin Goguen, Chantal Hunt, Nii Nortey Engmann, Cainan Wiebe, Kathryn Schellenberg, Jena Malone, Arassay Reyes, Paula Giroday, Danielle Benton, Allie Bertram, Tia Haraga, Maiko Miyauchi, Vicky Lambert, Abbie Cornish, Lee Tomaschefski, Annie Au, Jamie Chung, Ron Selmour, Eli Snyder, Caroline Torti, G! Force, Vanessa Hudgens, Christine Willes, Carla Catherwood, Thomas Fornataro, Malcolm Scott, Sean Campbell, Monique Ganderton, Antoine Baby Harry Calaway, Danny Bristol",Zack Snyder,Larry Fong,"Zack Snyder, Steve Shibuya","Jim Rowe, Deborah Snyder, Thomas Tull, Christopher DeFaria, Wesley Coller, Zack Snyder, Jon Jashni, William Fay","Marius de Vries, Tyler Bates",6.1,259099,/jtaUDnvIiHUd2ranDcjB5AbPx6o.jpg,3,2011,12,sucker punch,-28,18.31301204426393,0.6314831739401355,thor,"buenos aires (1), blank (56), night visions film festival (1), blu-ray release (1), dvd premiere (1), tv premiere (1)",56,0,61,0.0,no,no
60307,Diary of a Wimpy Kid: Rodrick Rules,6.7,1198,Released,2011-03-25,72526996,99,21000000,tt1650043,en,Diary of a Wimpy Kid: Rodrick Rules,"Wimpy Greg Heffley, now in seventh grade, thinks he has it all together. He has mastered middle school and gotten rid of the Cheese Touch. However, Greg's older brother, Rodrick, is itching to cut him down to size. He gets the perfect opportunity when their mother tries to force the boys to bond. Rodrick may be Greg's chief tormentor, but he feels his constant pranks are just what his little brother needs to prepare him for life's hard knocks.",5.1383,Welcome to the next grade.,"Family, Comedy","color force, dune entertainment, fox 2000 pictures","United States of America, Canada, Japan",English,"Connor Fielding, Tom MacNeill, Alf Humphreys, Fran Kranz, Betty Phillips, Belita Moreno, Ava Hughes, Devon Bostick, Samantha Page, Owen Best, Bryce Hodgson, Tae Helgeth, Angela Moore, Spencer Drever, Kai Kennedy, Dalila Bela, Benjamin Hollingsworth, John Shaw, Graeme Duffy, Monica Marko, Rachael Harris, Christopher De-Schuster, Serge Houde, Jake D. Smith, Kyle Cornell, Terence Kelly, Conner Ingram, Darcy Michael, Sheila Paterson, Maple Batalia, Dawn Chubai, Brenda Anderson, Zachary Gordon, Steve Zahn, Robert Capron, Karan Brar, Manoj Sood, Doreen Ramus, Jeff Kinney, Elysia Rotaru, Michelle Harrison, Kevin Kazakoff, Savannah Lathem, Jakob Davies, Sean Mathieson, Michael Strusievici, Owen Fielding, Alec Willows, Melissa Roxburgh, Mark Brandon, Andrew McNee, Peyton List, Teryl Rothery, Laine MacNeil, Nancy Ebert, Grayson Russell",David Bowers,Jack N. Green,"Jeff Kinney, Gabe Sachs, Jeff Judah","Jeff Kinney, Brad Simpson, Nina Jacobson",Edward Shearmur,6.6,40934,/k54R3ag1sLu93Wbfo4quw9sSFyj.jpg,3,2011,12,diary of a wimpy kid: rodrick rules,-27,18.099469422925296,0.646409622247332,thor,"blank (15), dvd premiere (10), blu-ray release (1), blu-ray premiere (1), internet (1), tv premiere (1)",15,1,29,0.03,no,no
45612,Source Code,7.303,8750,Released,2011-03-30,147332697,93,32000000,tt0945513,en,Source Code,"When decorated soldier Captain Colter Stevens wakes up in the body of an unknown man, he discovers he's part of a mission to find the bomber of a Chicago commuter train.",3.0072,Make every second count.,"Thriller, Science Fiction, Mystery","the mark gordon company, summit entertainment, vend√¥me production","Canada, United States of America, France",English,"Michael Arden, Paula Jean Hixson, Kyle Allatt, Raynald Lapierre, Pierre Leblanc, Russell Peters, Matt Holland, Vera Farmiga, Craig Thomas, Kyle Gatehouse, Jeffrey Wright, Fr√©d√©rick de Grandpr√©, Joe Cobden, Tom Tammi, Anne Day-Jones, Albert Kwan, Michelle Monaghan, Brent Skagford, Gordon Masten, Susan Bain, Scott Bakula, Jasson Finney, Lincoln Ward, Cas Anvar, James A. Woods, Clarice Byrne, Jake Gyllenhaal",Duncan Jones,Don Burgess,Ben Ripley,"Jeb Brody, Philippe Rousselet, Mark Gordon, Hawk Koch, Fabrice Gianfermi, Jordan Wynn",Chris Bacon,7.5,574935,/nTr0lvAzeQmUjgSgDEHTJpnrxTz.jpg,3,2011,13,source code,-22,18.80820383914737,0.8177479930064074,thor,"south by southwest film festival (1), hollywood, california (1), premiere (2), blank (67), beaune film festival (1), mostra de valencia (1), imagine film festival (1), limited (1), buenos aires (1), internet (1), blu-ray release (1), dvd premiere (1)",67,1,79,0.01,no,no
50359,Hop,5.8,1346,Released,2011-03-30,183953723,95,63000000,tt1411704,en,Hop,"E.B., the Easter Bunny's teenage son, heads to Hollywood, determined to become a drummer in a rock 'n' roll band. In L.A., he's taken in by Fred after the out-of-work slacker hits E.B. with his car.",4.9977,"Candy, chicks and rock 'n' roll.","Animation, Comedy, Family","universal pictures, illumination, relativity media",United States of America,English,"Elizabeth Perkins, Coleton Ray, Hugh Hefner, Django Marsh, Hugh Laurie, Jimmy Carter, Dustin Ybarra, Greg Lewis, Chelsea Handler, Rick Pasqualone, Hank Azaria, Tiffany Espensen, Kaley Cuoco, James Marsden, Robbie Tucker, Gary Cole, David Hasselhoff, Veronica Alicino, Russell Brand, Mark Riccardi, Crystal the Monkey, Micha√´l Gr√©gorio",Tim Hill,Peter Lyons Collister,"Brian Lynch, Cinco Paul, Ken Daurio","John Cohen, Chris Meledandri, Michele Imperato Stabile",Christopher Lennertz,5.4,39786,/hRa9MJTgCbSuL3h2CVPwUdYOWJH.jpg,3,2011,13,hop,-22,19.03019478394183,0.8273997732148622,thor,"universal city, california (1), premiere (1), blank (45), paris cinéma (1)",45,0,48,0.0,no,no
49018,Insidious,6.9,7103,Released,2011-03-31,100106454,102,1500000,tt1591095,en,Insidious,"A family discovers that dark spirits have invaded their home after their son inexplicably falls into an endless sleep. When they reach out to a professional for help, they learn things are a lot more personal than they thought.",8.2248,It's not the house that's haunted.,"Horror, Thriller","alliance films, im global, haunted movies, filmdistrict","Canada, United States of America",English,"Ruben Pla, Patrick Wilson, Joseph Bishara, Leigh Whannell, Corbett Tuck, Philip Friedman, John Henry Binder, Ty Simpkins, Kelly Devoto, J. LaRose, Rose Byrne, Heather Tocquigny, Angus Sampson, Lin Shaye, Andrew Astor, Barbara Hershey",James Wan,"John R. Leonetti, David M. Brewer",Leigh Whannell,"Jason Blum, Oren Peli, Brian Kavanaugh-Jones, Steven Schneider",Joseph Bishara,6.8,360806,/tmlDFIUpGRKiuWm9Ixc6CYDk4y0.jpg,3,2011,13,insidious,-21,18.42174472772083,0.8373520330782196,thor,"toronto international film festival (1), premiere (1), sitges international fantastic film festival (1), blank (45), imagine film festival (1), lyon festival hallucinations collectives (1), neuchâtel international fantastic film festival (1), dvd and blu-ray premiere (1), dvd premiere (2), molins film festival (1)",45,0,55,0.0,no,no
57353,Cat Run,5.303,150,Released,2011-04-01,65708,106,25000000,tt1446147,en,Cat Run,"When a sexy, high-end escort holds the key evidence to a scandalous government cover-up, two bumbling young detectives become her unlikely protectors from a ruthless assassin hired to silence her.",0.9182,CATch her if you can...,"Action, Comedy, Thriller",lleju productions,United States of America,"English, Srpski","Branko ƒêuriƒá, Marija Tonic, Ivana Pekoviƒá, Jean-Christophe Bouvet, Karina Shay, Ana Sakiƒá, Eve Angel, Bill Perkins, Steven Radusinoviƒá, Heather Chasen, Scott Mechlowicz, Malina Germanova, Gordan Kiƒçiƒá, D.L. Hughley, Karel Roden, Milorad Kapor, Kaloian Vodenicharov, Biljana Hresnjek, Malique Hawkins, Miomir Radeviƒá 'Pigi', Da≈°a ≈Ωivkoviƒá, Janet McTeer, Tony Curran, Benjamin Mustelaj, Miodrag Kadic, Petar Buriƒá, Slobodan Marunic, Peaches, Caleb Vela Poquet, Ivanka Bozinovic, Radik Golovkov, Michael Sopko, Slobodan 'Boda' Ninkoviƒá, J.J. Perry, Nenad Stefanovic, Albert P√©rez, Neil Nolan, Paz Vega, Jelena Gavriloviƒá, Steve Agnew, Mila Kalaƒëurƒëeviƒá, Alphonso McAuley, Jovan Krstiƒá, Olga Astanaskaja, Christopher McDonald, Michelle Lombardo, Vanja Govorko, Ken Phillips",John Stockwell,Jean-Fran√ßois Hensgens,"Nick Ball, John Niven","Peter Principato, Derrick Borte, Paul Young, Ram Bergman, Bill Perkins, Max Winkler",Devin Powers,5.5,5878,/2QnqQn7W2IjVEgK6mmUIkfQWY19.jpg,4,2011,13,cat run,-20,11.092991181392303,0.5282376753043955,thor,"blank (3), fantasy filmfest (1), dvd premiere (5)",3,0,9,0.0,no,no
58522,Boris: The Film,6.9,609,Released,2011-04-01,1248748,108,3347850,tt1680058,it,Boris - Il film,A director and his crew attempt to make the transition from the small to the big screen.,1.9851,"After ""Jaws"", another cinematic giant.",Comedy,"rai cinema, wildside, sky cinema",Italy,Italiano,"Giulia Cotugno, Daniele Costantini, Ulf Peter Johansson, Arpad Vincenti, Andrea Pannofino, Veronica Cannizzaro, Lavinia Biagi, Ivan Urbinati, Rosanna Gentili, Vladimir Aleksiƒá, Alberto Di Stasio, Agnese Torre, Valerio Aprea, Vanessa Compagnucci, Roberta Fiorentini, Massimiliano Bruno, Claudio Gio√®, Agostino Calabresi, Silvia Siteni, Giuliano Taviani, Frankie Hi-Nrg, Matteo Bertocchi, Paolo Pacini, Daniele Capocefalo, Francesco Pannofino, Karin Proia, Alessia Alciati, Andrea Sartoretti, Andrea Peghinelli, Alessandro Di Robilant, Anna Calabresi, Carolina Crescentini, Nolasco Cruz Sta Isabel, Andrea Guzzi, Massimo Popolizio, Gianpaolo Quarta, Angela Iacovelli, Dario De Luca, Filippo Vergassola, Giorgio Tirabassi, Giuseppe Apa, Roberta Radossi, Eugenia Costantini, Antonino Bruschetta, Antonio Catania, Stefano Chiappi, Arturo Calabresi, Giorgio Angella, Gabriele Petrucci, Paolo Bessegato, Luca Amorosino, Nicola Lusuardi, Cristiano Di Meo, Barbara Folchitto, Claudia Al√¨, Pietro Sermonti, Ambra Gioveni, Carlo Luca De Ruggieri, Paolo Calabresi, Arianna Mattioli, Virginia Barone, Arnaldo Ninchi, Filippo Gravino, Caterina Guzzanti, Vanni De Lucia, Adelmo Togliani, Sandro Scapicchio, Alessandro Saguto, Angelica Leo, Alessandro Tiberi, Emanuele Gelli, Federico Pacifici, Xu Hai Tian, Christian Ginepro, Thomas Trabacchi, Monica Samassa, Nicola Piovani, Paolo Bontempi, Ilaria Bernardini, Massimo De Lorenzo","Luca Vendruscolo, Giacomo Ciarrapico, Mattia Torre",Mauro Marchetti,"Luca Vendruscolo, Giacomo Ciarrapico, Mattia Torre","Mario Gianani, Lorenzo Mieli, Olivia Sleiter","Giuliano Taviani, Carmelo Travia",6.9,3299,/bro0yk5rDSU3mCIk5pnEzPDWV50.jpg,4,2011,13,boris: the film,-20,14.03765280814378,0.6684596575306562,thor,blank (1),1,0,1,0.0,no,no
51162,Winnie the Pooh,6.9,916,Released,2011-04-06,49871429,63,30000000,tt1449283,en,Winnie the Pooh,"During an ordinary day in Hundred Acre Wood, Winnie the Pooh sets out to find some honey. Misinterpreting a note from Christopher Robin, Owl convinces Pooh, Tigger, Rabbit, Piglet, Kanga, Roo, and Eeyore that their young friend has been captured by a creature named ""Backson"" and they set out to rescue him.",4.3465,Oh Pooh.,"Animation, Family, Comedy, Adventure",walt disney animation studios,United States of America,English,"Travis Oates, Jack Boulter, Lisa Linder, Jim Cummings, Robert Lopez, Huell Howser, Tom Kenny, Craig Ferguson, John Cleese, Kristen Anderson-Lopez, Wyatt Dean Hall, M. Ward, Zooey Deschanel, Bud Luckey","Stephen J. Anderson, Don Hall",Julio Macat,"Nicole Mitchell, Brian Kesinger, Kendelle Hoyer, A.A. Milne, Burny Mattinson, Stephen J. Anderson, Paul Briggs, Don Dougherty, Don Hall, Jeremy Spears, Clio Chiang","Peter Del Vecho, John Lasseter, Clark Spencer",Henry Jackman,7.1,30192,/xlFs85nq62jeR4a9iHNGB113m6x.jpg,4,2011,14,winnie the pooh,-15,17.72495885166504,1.107809928229065,thor,"blank (57), galway (1), premiere (2), french speaking region (1), limited (2), hollywood, california (1)",57,0,64,0.0,no,no
50456,Hanna,6.588,3519,Released,2011-04-07,63782078,111,30000000,tt0993842,en,Hanna,"Raised by her father, an ex-CIA agent, in the wilds of Finland, Hanna's upbringing has been geared to making her the perfect assassin. Sent into the world by her father on a mission, Hanna journeys across Europe, eluding agents dispatched after her by a ruthless intelligence operative. As she nears her ultimate target, Hanna faces startling revelations about her existence.",7.2927,Adapt or die.,"Action, Thriller, Adventure","holleran company, neunte babelsberg film, sechzehnte babelsberg film, twins financing","Germany, United States of America","English, Fran√ßais, Deutsch, Italiano, ÿßŸÑÿπÿ±ÿ®Ÿäÿ©, Espa√±ol","Gudrun Ritter, Martin Wuttke, Saoirse Ronan, John Macmillan, Tom Hodgkins, Vicky Krieps, Marc Soto, Paul Birchard, Jason Flemyng, Cate Blanchett, √Ålvaro Cervantes, Mathias Harrebye-Brandt, Nathan Nolan, Aldo Maland, Mohamed Majd, Jessica Barden, Tim Beckmann, Sebastian H√ºlk, Christian Malcolm, Olivia Williams, Jamie Beamish, Vincent Montuel, Paris Arrowsmith, Tom Hollander, Joel Basman, Michelle Dockery, Eric Bana",Joe Wright,Alwin H. K√ºchler,"Seth Lochhead, David Farr","Scott Nemes, Barbara A. Hall, Marty Adelstein, Leslie Holleran","Ed Simons, Tom Rowlands",6.7,213033,/gRvxRMtejJa9jjfDDUibUIfIJbP.jpg,4,2011,14,hanna,-14,17.970982815440145,1.198065521029343,thor,"curaçao (1), blank (47), mostra de valencia (1), german speaking region (1), sydney international film festival (1), french speaking region (1), italian speaking region (1), karlovy vary international film festival (1), dvd premiere (1), sofia (1), cinemania film festival (2), varna (1), tv premiere (1), internet (1)",47,1,61,0.02,no,no
38319,Your Highness,5.3,1381,Released,2011-04-08,28013733,102,49900000,tt1240982,en,Your Highness,"A fantasy movie about an arrogant, lazy prince and his more heroic brother who must complete a quest in order to save their father's kingdom.",2.0692,Get your quest on.,"Comedy, Fantasy, Adventure, Action","universal pictures, stuber pictures",United States of America,English,"Zooey Deschanel, Eva Wyrwal, Danny McBride, Susie Kelly, Justin Theroux, Anna Barry, Madison Welch, Michael Clarke Duncan, Damian Lewis, Rasmus Hardiker, Caroline Grace-Cassidy, Charles Dance, Ben Willbond, B.J. Hogg, Natalie Portman, Simon Farnaby, Matyelok Gibbs, Toby Jones, Julian Rhind-Tutt, Charles Shaughnessy, Ben Wright, Amii Grove, David Garrick, Angela Pleasence, Brian Steele, Deobia Oparei, John Fricker, Rhian Sugden, James Franco, Amber Anderson",David Gordon Green,Tim Orr,"Ben Best, Danny McBride","Andrew Z. Davis, Danny McBride, Mark Huffam, Scott Stuber, Jon Mone",Steve Jablonsky,5.5,107021,/zw1tEKhR1ncGGtuYkkf30GYlvYQ.jpg,4,2011,14,your highness,-13,17.148205447883676,1.2248718177059768,thor,"blank (23), dvd premiere (6), dvd and blu-ray premiere (3), tv release (1), internet (2)",23,2,35,0.06,no,no
43959,Soul Surfer,7.0,1206,Released,2011-04-08,47088990,112,18000000,tt1596346,en,Soul Surfer,"The true story of teen surfer Bethany Hamilton, who lost her arm in a shark attack and courageously overcame all odds to become a champion again, through her sheer determination and unwavering faith.",3.3818,"When you come back from a loss, beat the odds, and never say never, you find a champion.","Family, Drama","enticing entertainment, island film group, brookwell-mcnamara entertainment, life's a beach entertainment, mandalay vision, tristar pictures, filmdistrict",United States of America,English,"Moon Otteman, Sonya Balmores, Joseph Wilson, Kevin Sorbo, Joe Toro, Irie Driscoll, Jeremy Sumpter, Michael Coots, Kelly Crean, David Chokachi, Tahini Bartolome, Titus Kinimaka, Cayla Moore, Patrick Richwood, Bailey Nagy, Troy Manandic, Stephen Meyers, Lauren Beach, Massi Furlan, John Philbin, Ross Thomas, Yasmin Dar, Kaleo Relator, Chris Brochu, Kaipo Guerrero, Mark Kubr, Christopher Simms, Carrie Underwood, Christie Brooke, Davo Coria, Roy Vongtama, Annie Gerstenberger, Rocky Canon, Faith Fay, Wesley Mann, Tiffany Hofstetter, AnnaSophia Robb, Sean Douglas Hoban, Bridget Tully, Kristen Steiner, Dylan Slater, Beau Hodge, Dutch Hofstetter, Helen Hunt, Dennis Quaid, Lorraine Nicholson, David Stanfield, David Tice, Kimberly-Rose Wolter, Josh Margulies, Branscombe Richmond, Leilani Gryde, Kim Morgan Greene, Cody Gomes, Ingrid Seid, Arlene Newman, Eric James, Craig T. Nelson, Christian Franklin, Shelley Trotter, Sean McNamara",Sean McNamara,John R. Leonetti,"Rick Bundschuh, Matt Allen, Sheryl Berk, Michael Berk, Douglas Schwartz, Bethany Hamilton, Brad Gann, Deborah Schwartz, Caleb Wilson, Sean McNamara","Dominic Ianno, David Zelon, Sean McNamara, David Brookwell, Douglas Schwartz, Dutch Hofstetter, David Tice",Marco Beltrami,7.0,55157,/cvgRxrEupUFeJ0xzUExJo4dMXbL.jpg,4,2011,14,soul surfer,-13,17.6675497949356,1.2619678424954,thor,"blank (13), dvd premiere (3), tv release (3), tv premiere (2), dvd (1), internet (1)",13,1,23,0.04,no,no
49012,Arthur,5.542,757,Released,2011-04-08,48147945,110,40000000,tt1334512,en,Arthur,A drunken playboy stands to lose a wealthy inheritance when he falls for a woman that his family doesn't like.,1.217,Meet the world's only loveable billionaire.,"Comedy, Romance","warner bros. pictures, mbst, benderspink",United States of America,English,"Pascal Yen-Pfister, Steve Rosen, Brian McElhaney, Greta Gerwig, Robert Clohessy, Christina Jacquelyn Calph, Debbie Lee Jones, Skai Jackson, Peter Brouwer, Ali Reza, John Hodgman, Chelsey Donn, Peter Van Wagner, Nick Nolte, Jackson Nicoll, Jennie Eisenhower, Jamie Choi, Ed Jewett, Geraldine James, Leslie Hendrix, Sara Chase, Jos√© Ram√≥n Rosario, Tatsumi Romano, Pamela Stewart, Sean Tarjyoto, Charlie Hewson, Stink Fisher, Richard Bekins, Nigel Barker, Evander Holyfield, George Feaster, John Carrafa, Matt Malloy, Helen Mirren, Jared Parker, Tom Toner, Dylan Clark Marshall, Jennifer Garner, Saul Stein, Ed Herbstman, Scott Adsit, Tuffy Questell, Luis Guzm√°n, Murphy Guyer, Tori Feinstein, Russell Brand, Devin Almonte",Jason Winer,Uta Briesewitz,"Peter Baynham, Steve Gordon","Kevin McCormick, Larry Brezner, Nik Linnen, J.C. Spink, Chris Bender, Scott Kroopf, Michael Tadross, Russell Brand",Theodore Shapiro,5.7,53690,/foUTAJurvnbUoIUbnuUk5dyHx7M.jpg,4,2011,14,arthur,-13,17.68978903693922,1.2635563597813728,thor,"blank (20), dvd premiere (2), dvd and blu-ray premiere (1), tv premiere (1)",20,0,24,0.0,no,no
81390,A Lonely Place to Die,6.2,612,Released,2011-04-09,25345000,99,4000000,tt1422136,en,A Lonely Place to Die,A group of five mountaineers are hiking and climbing in the Scottish Highlands when they discover a young Serbian girl buried in a small chamber in the wilderness. They become caught up in a terrifying game of cat and mouse with the kidnappers as they try to get the girl to safety.,4.3412,"Out here, there's nowhere to hide.","Adventure, Action, Thriller, Crime","carnaby international, eigerwand pictures, molinare studios, kaleidoscope entertainment",United Kingdom,"English, Srpski","Gillian MacGregor, Douglas Russell, Stephen McCole, Alec Newman, Garry Sweeney, Alan Steele, Eamonn Walker, Paul Anderson, Kate Magowan, Jamie Edgell, Melissa George, Mathew Zajac, Karel Roden, Holly Boyd, Sean Harris, Ed Speleers",Julian Gilbey,Ali Asad,"Julian Gilbey, Will Gilbey","Michael Loveday, Mark Foligno, Andrew Boswell, Terry Loveday",Michael Richard Plowman,6.2,31899,/xVYY1U5nYfx2PfJMs6knO8VZRk0.jpg,4,2011,14,a lonely place to die,-12,17.0480920693441,1.3113916976418538,thor,"actionfest (1), fantasia international film festival (1), fantasy filmfest (1), film4 frightfest (1), blank (5), fantastic fest (1), chicago film festvial (1), sitges film festival (1), philadelphia film fest (1), toronto after dark film festival (1), internet (1), limited (1), indonesia international fantastic film festival (1), paris international fantastic film festival (1), whistler film festival (1), dvd and blu-ray premiere (1), dvd premiere (4), blu-ray release (2), blu ray release (2), imagine film festival (1), trento film festival (1), tv premiere (2)",5,1,32,0.03,no,no
41446,Scream 4,6.47,3967,Released,2011-04-13,97231420,111,40000000,tt1262416,en,Scream 4,"Ten years have passed, and Sidney Prescott has put herself back together thanks to her writing. However, her return to Woodsboro sparks the return of the Ghostface Killer.",11.0922,New decade. New rules.,"Horror, Mystery","dimension films, outerbanks entertainment, corvus corax productions",United States of America,English,"Aimee Teegarden, Britt Robertson, Kristen Bell, Alison Brie, Gordon Michaels, Tim Doty, Emma Roberts, Kim Adams, John Lepard, Mary McDonnell, Nancy O'Dell, Anthony Anderson, Erik Knudsen, Peter Carey, Marley Shelton, David Arquette, Courteney Cox, Neve Campbell, Roger L. Jackson, Mark Aaron Buerkle, Adam Brody, Dane Farwell, Wes Craven, Glenda Lewis, Shenae Grimes-Beech, Julia Ho, Hayden Panettiere, Devin Scillian, William Spencer, Lucy Hale, Justin Michael Brandt, Alexander Punch, Rory Culkin, Anna Paquin, Marielle Jaffe, Nico Tortorella",Wes Craven,Peter Deming,Kevin Williamson,"Kevin Williamson, Ron Schmidt, Matthew Stein, Wes Craven, Harvey Weinstein, Ehren Kruger, Bob Weinstein, Cathy Konrad, Marianne Maddalena, Iya Labunka",Marco Beltrami,6.2,185135,/tcrI37K98TVopLbcZBa55mWhLT1.jpg,4,2011,15,scream 4,-8,18.392604478509856,2.043622719834429,thor,"hollywood, california (1), premiere (2), the hague (1), blank (55), limited (1), blu-ray premiere (1), dvd premiere (1)",55,0,62,0.0,no,no
56780,Atlas Shrugged: Part I,5.5,204,Released,2011-04-14,4627375,97,20000000,tt0480239,en,Atlas Shrugged: Part I,"A powerful railroad executive, Dagny Taggart, struggles to keep her business alive while society is crumbling around her. Based on the 1957 novel by Ayn Rand.",0.5839,Who is John Galt?,"Drama, Thriller, Science Fiction, Mystery",harmon kaslow & john aglialoro productions,United States of America,English,"Navid Negahban, Olivia Presely, Grant Bowler, Edi Gathegi, Stephen Chester Prince, Daisy McCrackin, Jeff Cockey, Katherine M. O'Connor, Annabelle Gurwitch, Patrick Fischler, Sylva Kelegian, Josephine Rene, Rob Brownstein, Joel McKinnon Miller, Ron Provencal, January Welsh, Paul Johansson, Rebecca Wisocky, Neill Barry, Geoff Pierson, Michael O'Keefe, Ethan Cohn, Kim Swennen, Nikki Klecha, Maia Tarin, Jan Morris, Mercedes Connor, Christopher Mur, Jon Polito, Taylor Schilling, Jsu Garcia, Travis Seaborn, Frank Cassavetes, Derric Nugent, Mel Fair, David Doty, Craig Tsuyumine, Jack Milo, Latasha Muhammad, Mandy June Turpin, Matthew Marsden, Armin Shimerman, Michael Lerner, Christopher Karl Johnson, Matt O'Toole, David Goryl, Graham Beckel, Clay Bunker, Christina Pickles, June Squibb, Marissa Welsh",Paul Johansson,Ross Berryman,"Ayn Rand, Brian Patrick O'Toole, John Aglialoro","Karen Elise Baldwin, Harmon Kaslow, Howard Baldwin, Ed Snider, Mike Marvin, John Aglialoro",Elia Cmiral,5.6,14686,/tYfZIQb6ZabSUy1s1TRqSrYaAoM.jpg,4,2011,15,atlas shrugged: part i,-7,15.34750052674445,1.9184375658430564,thor,"limited (1), dvd premiere (8), dvd and blu-ray premiere (1)",0,0,10,0.0,no,no
55787,Water for Elephants,6.9,2569,Released,2011-04-15,117094902,122,38000000,tt1067583,en,Water for Elephants,"In this captivating Depression-era melodrama, impetuous veterinary student Jacob Jankowski joins a celebrated circus as an animal caretaker but faces a wrenching dilemma when he's transfixed by angelic married performer Marlena.",53.1733,Life is the most spectacular show on earth.,"Drama, Romance","big screen productions, fox 2000 pictures, dune entertainment, ingenious media",United States of America,"English, Polski","Jim Norton, James Frain, E.E. Bell, Uggie, Kacie Borrowman, Karynn Moore, Chris Blim, Ilia Volok, Michelle LaVon, Andrew Connolly, Melissa Johnston, Kyle Jordan, Aleksandra Kaniak, Christoph Waltz, Ashley Palmer, Chris Grabher, Scott MacDonald, Glen McDougal, Shannon Freyer, Ivo Nandi, Dreya Weber, Reese Witherspoon, Tracy Phillips, Bruce Gray, Lee-Anne Telford, Mary Newman, Tim Guinee, Donna W. Scott, Ken Foree, Sarah Karijan, Hal Holbrook, Ice, John Aylward, Sam Anderson, Jackie Zane, Paul Schneider, Julianna Piechoczek, Brad Greenquist, Robert Kestler, Doug McDougal, Major, Mark Povinelli, Stephen Monroe Taylor, Jim Jansen, Tatum Etheridge, Richard Brake, Tai the Elephant, Brad Potts, William Morse, James Keane, Kelsey McNamee, Stefan Rollins, Sebastien Stella, Rowan O'Hara, Robert Pattinson, Molly O'Neill",Francis Lawrence,Rodrigo Prieto,"Richard LaGravenese, Sara Gruen","Gil Netter, Andrew R. Tennenbaum, Kevin Halloran, Erwin Stoff",James Newton Howard,6.9,123263,/8T7Hvb9trKvCAmbSI8cEIU0Sl2T.jpg,4,2011,15,water for elephants,-6,18.578495300720537,2.654070757245791,thor,"blank (54), german speaking region (1), french speaking region (1), italian speaking region (1), opening film (1), shanghai international film festival (1), tokyo (1), blu-ray premiere (1), tv release (1)",54,0,62,0.0,no,no
60309,The Conspirator,6.6,468,Released,2011-04-15,15478800,122,25000000,tt0968264,en,The Conspirator,"Mary Surratt is the lone female charged as a co-conspirator in the assassination trial of Abraham Lincoln. As the whole nation turns against her, she is forced to rely on her reluctant lawyer to uncover the truth and save her life.",4.3596,One bullet killed the President. But not one man.,"Crime, Drama, History","wildwood enterprises, the american film company",United States of America,English,"Justin Long, Kevin Kline, Johnny Simmons, Norman Reedus, Alexis Bledel, Chris Bauer, Shea Whigham, Colm Meaney, James Badge Dale, Cal Johnson, Danny Huston, Tom Wilkinson, John Cullum, Toby Kebbell, Gerald Bestrom, Stephen Root, James McAvoy, Robin Wright, Evan Rachel Wood, Jonathan Groff",Robert Redford,Newton Thomas Sigel,"James D. Solomon, Gregory Bernstein","Greg Shapiro, Robert Stone, Jeremiah Samuels, Brian Peter Falk, Robert Redford, Joe Ricketts, Webster Stone, Bill Holderman",Mark Isham,6.9,30858,/a2ubkGUjGYeKRN1C2Tib0rmjuWf.jpg,4,2011,15,the conspirator,-6,16.554981968345718,2.3649974240493883,thor,"toronto international film festival (1), premiere (3), savannah film and video festival (1), washington, d.c. (1), new york city, new york (1), blank (32), deauville american film festival (1), athens film festival (1), gent international film festival (1), manresa festival internacional de cinema negre (1), dvd premiere (3), dvd and blu-ray premiere (1)",32,0,47,0.0,no,no
58699,Bellflower,5.912,154,Released,2011-04-16,101236,106,17000,tt1242599,en,Bellflower,"Two friends spend all their free time building flame-throwers and weapons of mass destruction in hopes that a global apocalypse will occur and clear the runway for their imaginary gang ""Mother Medusa"".",0.3897,A love story with apocalyptic stakes.,"Action, Drama, Romance","coatwolf productions, oscilloscope, mooseboy",United States of America,English,"Tyler Dawson, Jessie Wiseman, Vincent Grashaw, Zack Kraus, Rebekah Brandes, Keghan Hurst, Evan Glodell",Evan Glodell,Joel Hodge,Evan Glodell,Vincent Grashaw,Jonathan Keevil,6.3,8227,/4bGB2k4JngWLVABKIw1S7cnlh5h.jpg,4,2011,15,bellflower,-5,11.525219581663706,1.9208699302772845,thor,"sundance film festival (1), south by southwest film festival (1), wisconsin film festival (1), philadelphia cinefest (1), riverrun international film festival (1), actionfest (1), calgary underground film festival (1), nashville film festival (1), minneapolis-st. paul international film festival (1), ivy film festival (1), independent film festival of boston (1), seattle international film festival (1), galway film fleadh (1), fantasia international film festival (1), traverse city film festival (1), limited (1), tallgrass film festival (1), fresh film fest (1), indie film festival of brazil (1), vladivostok international film festival (1), strasbourg european fantastic film festival (1), lund fantastisk film festival (1), athens film festival (1), atlantic film festival (1), toronto (1), sitges international fantastic film festival (1), amfest 11 american film festival (1), ellensburg film festival (1), pusan international film festival (1), darklight film festival (1), eastern oregon film festival (1), mar del plata film festival (1), little rock film festival (1), leeds international film festival (1), exground film festival (1), paris international fantastic film festival (1), les arcs international film festival (1), copenhagen (1), luxembourg city film festival (1), alès film festival (1), blank (3), imagine film festival (1), bilbao fantasy film festival (1), tv premiere (1)",3,0,46,0.0,no,no
51497,Fast Five,7.242,8568,Released,2011-04-20,626100000,131,125000000,tt1596343,en,Fast Five,"Former cop Brian O'Conner partners with ex-con Dom Toretto on the opposite side of the law. Since Brian and Mia Toretto broke Dom out of custody, they've blown across many borders to elude authorities. Now backed into a corner in Rio de Janeiro, they must pull one last job in order to gain their freedom.",1.3135,Get the fifth gear.,"Action, Thriller, Crime","original film, universal pictures, one race",United States of America,"English, Espa√±ol, Portugu√™s, Italiano","Corey Michael Eubanks, Don Omar, Joaquim de Almeida, Michael Irby, Fernando Chien, Jordana Brewster, Sharon Tay, Luis Da Silva, Jr., Elsa Pataky, Yorgo Constantine, Arlene Santana, Tyrese Gibson, Mark Hicks, Benjamin Blankenship, Sung Kang, Esteban Cueto, Carlos Sanchez, Vin Diesel, Michelle Rodriguez, Kent Shocknek, Eva Mendes, Paul Walker, Joseph Melendez, Jay Jackson, Alimi Ballard, Gal Gadot, Geoff Meed, Matt Schulze, Luis Gonzaga, Dwayne Johnson, Ludacris, Jeirmarie Osorio, Tego Calderon, Andy Rosa Adler, Pedro Garc√≠a",Justin Lin,Stephen F. Windon,"Gary Scott Thompson, Chris Morgan","Vin Diesel, Michael Fottrell, Justin Lin, Neal H. Moritz, Samantha Vincent, Amanda Lewis",Brian Tyler,7.3,427092,/gEfQjjQwY7fh5bI4GlG0RrBu7Pz.jpg,4,2011,16,fast five,-1,20.255020662312727,10.127510331156364,thor,"rio de janeiro (1), premiere (1), blank (61), limited (3), imax version (1), beijing international film festival (1), dvd premiere (2), internet (1)",61,1,71,0.01,no,no
51017,Madea's Big Happy Family,6.7,153,Released,2011-04-22,54161287,106,25000000,tt1787759,en,Madea's Big Happy Family,"When Shirley, Madea's niece, receives distressing news about her health, the only thing she wants is her family gathered around her. However, Shirley's three adult children are too preoccupied with their own troubled lives to pay attention to their mother. It is up to Madea, with the help of rowdy Aunt Bam, to bring the clan together and help Shirley deal with her crisis.",1.2405,Peace. Love. Harmony. Or else.,"Comedy, Drama",lions gate films,United States of America,English,"Cheryl Pepsii Riley, Maury Povich, Palmer Williams Jr., Shad Moss, Shannon Kane, Rodney Perry, Yakini Horn, Tamela Mann, Natalie Desselle-Reid, Philip Anthony-Rodriguez, Cindy L. Jefferson, Lauren London, David Mann, Steven Wash Jr., Cassi Davis, Tyler Perry, Stephen Caudill, Chandra Currelley-Young, Loretta Devine, Isaiah Mustafa, Teyana Taylor",Tyler Perry,Toyomichi Kurita,Tyler Perry,"Tyler Perry, Roger M. Bobb, Joseph P. Genier, Ozzie Areu, Michael Paseornek",Aaron Zigman,4.9,9012,/6qWcpqRfUEFrbKdDvB7tg7h1oXz.jpg,4,2011,16,madea's big happy family,1,17.807476967674,8.903738483837,thor,"blank (1), dvd premiere (1)",1,0,2,0.0,no,no
63006,Dum Maaro Dum,5.7,30,Released,2011-04-22,8400000,130,4800000,tt1618430,hi,‡§¶‡§Æ ‡§Æ‡§æ‡§∞‡•ã ‡§¶‡§Æ,"ACP Vishnu is sent on a mission to investigate and clean the underbelly of Goa. During his investigation, he uncovers a huge racket and discovers the involvement of various politicians.",2.3918,Every Paradise Has a Few Snakes,"Action, Crime, Thriller","ramesh sippy enterprises, cheyenne enterprises, fox star studios, louverture films, fox international productions","India, United States of America","‡§π‡§ø‡§®‡•ç‡§¶‡•Ä, English","Deepika Padukone, Anaitha Nair, Govind Namdeo, Bipasha Basu, Emma Brown Garrett, Aditya Pancholi, Rana Daggubati, Prateik Babbar, Gulshan Devaiah, Vidya Balan, Abhishek Bachchan",Rohan Sippy,Amit Roy,"Purva Naresh, Shridhar Raghavan, Charudutt Acharya","Hussain Shaikh, Danny Glover, Ramesh Sippy, Arnold Rifkin, Joslyn Barnes, Prasanna R Coondapur",Pritam Chakraborty,6.2,4268,/uzqKhhSA6ypWwqsnZSwCs7C42sb.jpg,4,2011,16,dum maaro dum,1,15.943742382861156,7.971871191430577,thor,blank (13),13,0,13,0.0,no,no
65650,The Good Doctor,6.185,249,Released,2011-04-23,5206,93,6000000,tt1582271,en,The Good Doctor,"Dr. Martin Blake, who has spent his life looking for respect, meets an 18-year-old patient named Diane, suffering from a kidney infection, and gets a much-needed boost of self-esteem. However, when her health starts improving, Martin fears losing her, so he begins tampering with her treatment, keeping Diane sick and in the hospital right next to him.",1.4877,Do no harm.,"Drama, Thriller, Mystery","viddywell, code red",United States of America,"Espa√±ol, English","David Clennon, Randall Park, Jean St. James, Evan Peters, Courtney Ford, Wade Williams, Gary Carlos Cervantes, Sharon Miller, Laura McDavid, Molly Price, Orlando Bloom, Sarah Lancaster, Caitlin Stryker, Rob Morrow, Marin Hinkle, Monique Gabriela Curnen, Troy Garity, Sorel Carradine, Michael Pe√±a, Riley Keough, Taraji P. Henson, Nathan Keyes, Rick Irwin, J.K. Simmons",Lance Daly,Yaron Orbach,John Enbom,"Orlando Bloom, Jonathan King, Dan Etheridge",Brian Byrne,5.5,7623,/fJSdqHzpMeCkXMrILYt1SdGN2sL.jpg,4,2011,16,the good doctor,2,8.557759153162898,2.852586384387633,thor,"tribeca film festival (1), mill valley film festival (1), new hampshire film festival (1), blank (5), göteborg international film festival (1), cleveland international film festival (1), riverrun international film festival (1), dvd and blu-ray premiere (2), video on demand (1), dvd premiere (3), limited (1), tv premiere (1)",5,0,19,0.0,no,no
51588,Prom,6.1,458,Released,2011-04-29,10130000,104,8000000,tt1604171,en,Prom,"At ‚ÄúProm,‚Äù every couple has a story and no two are exactly alike. As the big dance approaches for Nova Prescott, it‚Äôs a battle of wills as she finds herself drawn to the guy who gets in the way of her perfect prom. Fellow seniors Mei and Tyler harbor secrets, while others face all the insecurity and anticipation that surrounds one of high school‚Äôs most seminal events.",1.8502,"There are hundreds of nights in high school, but there‚Äôs only one prom.","Comedy, Romance","walt disney pictures, rickshaw productions",United States of America,English,"Chloe Little, Faith Ford, Danielle Campbell, Cameron Monaghan, Amy Pietz, Jonathan Keltz, Kylie Bunbury, Jared Kusnitz, Britney Bailey, Yin Chang, Joe Adler, DeVaughn Nixon, Dean Norris, Nicholas Braun, Aimee Teegarden, Carlease Burke, Blair Fowler, Kofi Siriboe, Nolan Sotillo, Raini Rodriguez, Janelle Ortiz, Jere Burns, Robbie Tucker, Christine Elise, Thomas McDonell",Joe Nussbaum,Byron Shah,Katie Wech,"Ted Griffin, Samson Mucke, Justin Springer",Deborah Lurie,5.4,15998,/pOYSCjYylOsEPkql3m9gcV1jycR.jpg,4,2011,17,prom,8,16.131011974941543,1.7923346638823938,thor,"blank (18), dvd premiere (4), dvd and blu-ray premiere (1), internet (1)",18,1,24,0.04,no,no
57089,Hoodwinked Too! Hood VS. Evil,5.1,558,Released,2011-04-29,13500000,86,30000000,tt0844993,en,Hoodwinked Too! Hood VS. Evil,"Red Riding Hood is training in the group of Sister Hoods, when she and the Wolf are called to examine the sudden mysterious disappearance of Hansel and Gretel.",2.5265,Not All Fairy Tales Go By the Book.,"Comedy, Animation, Family","kanbar entertainment, the weinstein company",United States of America,English,"Andy Dick, David Alan Grier, Robert Anich, Phil LaMarr, Brad Garrett, Joan Cusack, Tress MacNeille, Wayne Newton, Debra Wilson, Cory Edwards, Danny Pudi, Amy Poehler, Heidi Klum, Hayden Panettiere, Tommy Chong, Cheech Marin, Bill Hader, Clarissa Jacobson, Benjy Gaither, Glenn Close, Martin Short, Lance J. Holt, Mike Disa, David Ogden Stiers, Patrick Warburton, Rebecca Anderson, Rob Paulsen",Mike Disa,,"Michael Ludy, Tony Leech, Mike Disa, Cory Edwards, Todd Edwards","Delna Bhesania, Eric Robinson, Bob Weinstein, Ted Rogers, Russell D. Pollock, Rachel L. Warren, Maurice Kanbar, Joan Collins Carey, Harvey Weinstein",Murray Gold,4.7,14642,/3ofAJDO8A7ulJwgMGKcwEOPNWV3.jpg,4,2011,17,hoodwinked too! hood vs. evil,8,16.41820031748273,1.8242444797203032,thor,"festival best academy awards films for kids (1), tribeca film festival (1), blank (28), limited (1), dvd premiere (2), dvd and blu-ray premiere (1), tv premiere (1)",28,0,35,0.0,no,no
77117,Sunny,7.9,175,Released,2011-05-04,48000000,135,3550000,tt1937339,ko,Ïç®Îãà,"Seven girls become good friends in high school, then events pull them apart for 25 years. When one of the friends lies dying in a hospital, she wishes to see each of them one last time.",3.2536,The sunniest moment of our lives.,"Drama, Comedy",cj entertainment,South Korea,ÌïúÍµ≠Ïñ¥/Ï°∞ÏÑ†Îßê,"Kim Hye-ok, Kang Ji-won, Baek Jong-hak, Yoon Jung, Min Hyo-rin, Kim Si-hoo, Park Soon-cheon, Lee Kyung-young, Choi Yi-sun, Kim Won-hae, Ju Jin-mo, Eom Hye-soo, Lee Seung-heon, Cha Tae-hyun, Park Young-seo, Kwon Eun-soo, Nam Bo-ra, Kim Bo-mi, Lee Jun-hyeok, Kim Ye-won, Jun Yoon-ji, Chun Woo-hee, Kim Sae-byuk, Kim Sun-kyung, Hong Jin-hee, Kang So-ra, Hwang Choon-ha, Choi Soo-im, Lee Sang-ah, Kim Yeong-ok, Ahn Soo-ho, Yang Joo-ho, Koh Soo-hee, Yoo Ho-jeong, Han Seung-hyeon, Yang Hee-kyung, Jin Hee-kyung, Ha Seung-lee, Kang Rae-yeon, Jung Won-joong, So Hee-jung, Shim Eun-kyung, Park Jin-joo, Go Joon, Ryu Hye-rin, Park Hee-jeong, Lee Yeon-kyung, Bae Soo-kyung, Sung Ji-ru, Kim Min-young, Jeong Seok-yong",Kang Hyoung-chul,Lee Hyung-deok,"Lee Byeong-heon, Kang Hyoung-chul","Ahn Byeong-ki, Ahn In-ki, Katharine Kim, Lee An-na",Kim Jun-seok,7.7,6952,/m21yedsv5rGNmvOU0X9ARvxC0XM.jpg,5,2011,18,sunny,13,17.6867115897055,1.2633365421218214,thor,"blank (5), director's cut (1), pusan international film festival (1), osaka asian film festival (1), beijing international film festival (1), shanghai international film festival (1), korea indonesia film festival (1), internet (1)",5,1,12,0.08,no,no
38321,Priest,5.8,2399,Released,2011-05-05,78309131,87,60000000,tt0822847,en,Priest,"In an alternate world, humanity and vampires have warred for centuries. After the last Vampire War, the veteran Warrior Priest lives in obscurity with other humans inside one of the Church's walled cities. When the Priest's niece is kidnapped by vampires, the Priest breaks his vows to hunt them down. He is accompanied by the niece's boyfriend, who is a wasteland sheriff, and a former Warrior Priestess.",5.3445,The war is eternal. His mission is just the beginning.,"Action, Fantasy, Horror, Thriller","michael de luca productions, stars road entertainment, tokyopop, buckaroo entertainment, screen gems",United States of America,"English, Portugu√™s, Espa√±ol","Stephen Moyer, Karl Urban, David Backus, Jacob Hopkins, Austin Priester, Michael D. Nye, Brad Dourif, Pramod Kumar, David Bianchi, Julie Mond, Christopher Plummer, Kanin Howell, Boyuen, Casey Pieretti, M√§dchen Amick, Dave Florek, Joel Polinsky, Lafayette R. Dorsey Sr., Paul Bettany, Arnold Chon, Marilyn Brett, Anthony Azizi, Henry Kingi Jr., Josh Wingate, Cam Gigandet, John Griffin, Theo Kypri, Kevin T. McCarthy, Roger Stoneburner, Jon Braver, Alan Dale, Maggie Q, Tanoai Reed, Reiner Sch√∂ne, Lily Collins",Scott Stewart,Don Burgess,"Cory Goodman, Min-Woo Hyung","Stu Levy, Glenn S. Gainor, Joshua Donen, Josh Bratman, Michael De Luca, Mitchell Peck, Steve Galloway",Christopher Young,5.7,128279,/fYHiA7LPGl9DG7m3DUs0Td1VMcO.jpg,5,2011,18,priest,14,18.17617478251297,1.2117449855008644,thor,"blank (52), dvd premiere (2), tv release (1), internet (1)",52,1,56,0.02,no,no
50780,The Beaver,6.4,881,Released,2011-05-05,970816,91,21000000,tt1321860,en,The Beaver,"Suffering from a severe case of depression, toy company CEO Walter Black begins using a beaver hand puppet to help him open up to his family. With his father seemingly going insane, adolescent son Porter pushes for his parents to get a divorce.",1.296,He's here to save Walter's life.,Drama,"anonymous content, summit entertainment, participant, image nation abu dhabi","United Arab Emirates, United States of America",English,"Sam Breslin Wright, Bill Massof, Folake Olowofoyeku, Matt Lauer, Terry Gross, Jeff Corbett, Mel Gibson, Baylen Thomas, Jennifer Lawrence, Lorna Guity Pruce, Riley Thomas Stewart, Michael Rivera, Anton Yelchin, Zachary Booth, Kris Arnold, Elizabeth Kaledin, Kelly Coffield Park, Cherry Jones, Jon Stewart, Jodie Foster",Jodie Foster,Hagen Bogdanski,Kyle Killen,"Steve Golin, Keith Redmon, Ann Ruark",Marcelo Zarvos,6.6,51895,/nlaWgS7iIb6MG3t0FitV1xdPqIV.jpg,5,2011,18,the beaver,14,13.785893264012122,0.9190595509341416,thor,"south by southwest film festival (1), toronto (1), limited (1), cannes film festival (1), blank (39), sydney film festival (1), moscow film festival (1), greek film archive (1), dvd premiere (3), pusan international film festival (1), belgrade film festival (1), tv release (2)",39,0,53,0.0,no,no
49010,Hobo with a Shotgun,5.9,649,Released,2011-05-06,748453,86,3000000,tt1640459,en,Hobo with a Shotgun,"A vigilante homeless man pulls into a new city and finds himself trapped in urban chaos, a city where crime rules and where the city's crime boss reigns. Seeing an urban landscape filled with armed robbers, corrupt cops, abused prostitutes and even a pedophile Santa, the Hobo goes about bringing justice to the city the best way he knows how - with a 20-gauge shotgun. Mayhem ensues when he tries to make things better for the future generation. Street justice will indeed prevail.",4.8085,"Delivering justice, one shell at a time...","Crime, Action, Thriller","rhombus media, whizbang films, yer dead","Canada, United States of America",English,"George Stroumboulopoulos, Robb Wells, Molly Dunsworth, Brian Jamieson, Jeremy Akerman, Nick Bateman, Glen Matthews, Pasha Ebrahimi, Owen Scott, Agnes Laan, Drew O'Hara, Cadence MacMichael, John Awoods, Scott Vrooman, Alexander Rosborough, Lauren Messervey, Duane Patterson, Andre Haines, Tim Dunn, David Brunt, Zach Tovey, Rutger Hauer, Gregory Smith, Mark A. Owen, Brian Downey, Juanita Peters, Peter Simas",Jason Eisener,Karim Hussain,John Davies,"Rob Cotterill, Paul Gross, Niv Fichman, Frank Siracusa",Russ Howard III,6.1,50132,/xxMaO7VoN2BnZit79PedVHnTjcO.jpg,5,2011,18,hobo with a shotgun,15,13.525765024707482,0.8453603140442176,thor,"sundance film festival (1), premiere (1), frightfest (1), limited (3), internet (1), imagine film festival (1), blank (4), neuchâtel international fantastic film festival (1), karlovy vary international film festival (1), dvd premiere (5), l'étrange festival (1), athens film festival (1), strasbourg european fantastic film festival (1), dvd and blu-ray premiere (2), night visions film festival (1), iik!! horror film festival (1), cinemare film festival (1), tokyo (1), madrid (1), 9º syfy festival (1), tv premiere (1), tv release (1)",4,1,32,0.03,no,no
57119,Jumping the Broom,5.9,211,Released,2011-05-06,37700000,112,6600000,tt1640484,en,Jumping the Broom,Two very different families converge on Martha's Vineyard one weekend for a wedding.,3.2907,Sometimes the only way to get past family drama... is to jump right over it.,Comedy,"sony pictures, tristar pictures, stage 6 films, our stories films, tdj enterprises",United States of America,"English, Fran√ßais","Loretta Devine, Paula Patton, DeRay Davis, Will Lemay, Romeo, Laura Kohoot, Vera Cudjoe, Brian Stokes Mitchell, Gary Dourdan, Tenika Davis, Angela Bassett, Valarie Pettiford, Pooch Hall, Mike Epps, Laz Alonso, Meagan Good, T.D. Jakes, El DeBarge, Tasha Smith, Marguerite McNeil, Julie Bowen",Salim Akil,Anastas N. Michos,"Arlene Gibbs, Elizabeth Hunter","Tracey Edmonds, Michael Mahoney, Curtis Wallace, T.D. Jakes, Glendon Palmer, Elizabeth Hunter",Edward Shearmur,5.7,11946,/60OXQUsWfAdSimqwAAJ5EvBxTre.jpg,5,2011,18,jumping the broom,15,17.445170678943438,1.0903231674339648,thor,"limited (1), blank (5), dvd premiere (3), internet (2), tv premiere (2)",5,2,13,0.15,no,no
63493,The Ledge,6.168,361,Released,2011-05-06,610986,101,10000000,tt1535970,en,The Ledge,A thriller in which a battle of philosophies between a fundamentalist Christian and an atheist escalates into a lethal battle of wills.,1.3441,One life. One chance. One step.,"Drama, Thriller","foresight unlimited, vip media group, michael mailer films, rising star productions, ledge productions","United States of America, Germany",English,"Jaqueline Fleming, Amber Gaiennie, Tyler Humphrey, Charlie Hunnam, Terrence Howard, Geraldine Singer, Mike Pniewski, Christopher Gorham, Patrick Wilson, Katia Gomez, Liv Tyler, Maxine Greco, Jillian Batherson, Dean J. West",Matthew Chapman,Bobby Bukowski,Matthew Chapman,"Michael Mailer, Moshe Diamant, Mark Damon",Nathan Barr,6.5,20962,/cTaDS6CTIfZ5MH189ub6oE1FATk.jpg,5,2011,18,the ledge,15,13.322830961331638,0.8326769350832274,thor,"sundance film festival (1), premiere (1), video on demand (1), blank (10), limited (2), dvd premiere (6), blu-ray release (1), rio de janeiro international film festival (1), internet (2), tokyo (1), tv release (1)",10,2,27,0.07,no,no
59678,Attack the Block,6.5,2173,Released,2011-05-12,3964682,88,14350531,tt1478964,en,Attack the Block,A teen gang in a South London housing estate must team up with the other residents to protect their neighbourhood from a terrifying alien invasion.,2.7845,Inner City vs. Outer Space,"Action, Comedy, Science Fiction","uk film council, film4 productions, studiocanal, big talk studios, stage 6 films, screen gems, optimum releasing","France, United Kingdom, United States of America",English,"Maggie McCarthy, David Cann, Nick Frost, Jermaine Smith, Sammy Williams, Yvonne D'Alpra, Lee Nicholas Harris, Luke Treadaway, Terry Notary, Simon Howard, Chris Wilson, Paige Meade, Dylan Charles, Natasha Jonas, Karl Collins, John Boyega, Adam Leese, Lee Long, Philip Harvey, Leeon Jones, Jodie Whittaker, Danielle Vitalis, Stephanie Street, Adam Buxton, Jumayn Hunter, Selom Awadzi, Jacey Sall√©s, Alex Esmail, Franz Drameh, Gina Antwi, Joey Ansah, Flaminia Cinque, Michael Ajao",Joe Cornish,Thomas Townend,Joe Cornish,"Jenny Borgars, Matthew Justice, James Wilson, Will Clarke, Olivier Courson, Edgar Wright, Nira Park, Tessa Ross",Steven Price,6.7,114809,/wzCMnA6NDruLzgWeqMcLPDrGAdF.jpg,5,2011,19,attack the block,21,15.19293646029631,0.6905880209225596,thor,"south by southwest film festival (1), blank (23), karlovy vary international film festival (1), fantasia international film festival (1), toronto (1), limited (2), locarno film festival (1), berlin fantasy filmfest (1), hamburg fantasy filmfest (1), lund fantastisk film festival (1), jameson cinefest international film festival (1), athens film festival (1), rio de janeiro international film festival (1), fantastique semaine du cinéma (1), night visions film festival (1), dvd premiere (3), torino film festival (1), okinawa international movie festival (1), fanter film festival (1), l'étrange festival (1), morbido film fest (1), koszalin debut films festival (1), neuchatel international fantastic film festival (1)",23,0,48,0.0,no,no
45658,Everything Must Go,6.2,631,Released,2011-05-13,2614773,97,5000000,tt1531663,en,Everything Must Go,"When an alcoholic relapses, causing him to lose his wife and his job, he holds a yard sale on his front lawn in an attempt to start over. A new neighbor might be the key to his return to form.",4.1279,Lost is a good place to find yourself,"Comedy, Drama, Romance","im global, temple hill entertainment",United States of America,English,"Stephen Root, Leslea Fisher, Leeann Dearing, Annie Boon Karstens, C.J. Wallace, Andy McDermott, Shannon Whirry, Steven Scally, Matthew Dearing, Narinder Singh, Laura Dern, Argos MacCallum, Chris Cook, Rebecca Hall, Jason Spisak, Casey Likes, Lance Gray, Rosalie Michaels, Michael Pe√±a, Scott Takeda, Todd Bryant, Glenn Howerton, Kyle Sharkey, Will Ferrell, Tyler Johnstone",Dan Rush,Michael Barrett,"Raymond Carver, Dan Rush",Wyck Godfrey,David Torn,6.4,54768,/n4wMD3LHyo3nYZNWEOGLzgdyWjX.jpg,5,2011,19,everything must go,22,14.776688227272162,0.6424647055335723,thor,"toronto international film festival (1), premiere (2), bfi london film festival (1), tribeca film festival (1), limited (2), dvd premiere (3), blu-ray release (1), blank (5), dvd and blu-ray premiere (1), rtp 1 (1), tv premiere (1)",5,0,19,0.0,no,no
55721,Bridesmaids,6.516,4528,Released,2011-05-13,288383523,125,32500000,tt1478338,en,Bridesmaids,"Annie's life is a mess. But when she finds out her lifetime best friend is engaged, she simply must serve as Lillian's maid of honor. Though lovelorn and broke, Annie bluffs her way through the expensive and bizarre rituals. With one chance to get it perfect, she‚Äôll show Lillian and her bridesmaids just how far you‚Äôll go for someone you love.",5.8242,Save the date.,"Comedy, Romance","apatow productions, relativity media",United States of America,English,"Dana Powell, Chynna Phillips, Richard Riehle, Jessica St. Clair, Rebel Wilson, Lynne Marie Stewart, Michael Hitchcock, Mia Rose Frampton, Jillian Bell, Terry Crews, Kristen Wiig, Matt Lucas, Wendy Wilson, Rose Byrne, Carnie Wilson, Annie Mumolo, Paul Feig, Ariane Price, Chris O'Dowd, Melissa McCarthy, Maya Rudolph, Kali Hawk, Elaine Kao, Melanie Hutsell, Ben Falcone, Ellie Kemper, Mitch Silpa, Jill Clayburgh, Jon Hamm, Joe Nu√±ez, Greg Tuculescu, Suzanne LaChasse, Nancy Carell, Franklyn Ajaye, Brian Petsos, Niko El Santo Zavero, Tim Heidecker, Andy Buckley, Matt Bennett, Wendi McLendon-Covey, Tom Yi",Paul Feig,Robert D. Yeoman,"Kristen Wiig, Annie Mumolo","Barry Mendel, Paul Feig, Judd Apatow, Clayton Townsend",Michael Andrews,6.8,321409,/gJtA7hYsBMQ7EM3sPBMUdBfU7a0.jpg,5,2011,19,bridesmaids,22,19.479801832755623,0.8469479057719838,thor,"westwood, california (1), premiere (1), blank (78), limited (1), cabourg film festival (1), paris cinéma (1), okinawa international movie festival (1), internet (2), tv premiere (1)",78,2,87,0.02,no,no
1865,Pirates of the Caribbean: On Stranger Tides,6.562,14563,Released,2011-05-15,1046721266,136,379000000,tt1298650,en,Pirates of the Caribbean: On Stranger Tides,"Captain Jack Sparrow crosses paths with a woman from his past, and he's not sure if it's love ‚Äî or if she's a ruthless con artist who's using him to find the fabled Fountain of Youth. When she forces him aboard the Queen Anne's Revenge, the ship of the formidable pirate Blackbeard, Jack finds himself on an unexpected adventure in which he doesn't know who to fear more: Blackbeard or the woman from his past.",20.7826,Live forever or die trying.,"Adventure, Action, Fantasy","walt disney pictures, jerry bruckheimer films, moving picture company","United Kingdom, United States of America","English, Espa√±ol","Damian O'Hare, Jeremy King, Jean Pierre Prats, Astrid Berg√®s-Frisbey, Kelly Mumme, Juan Carlos Vellido, Gemma Ward, Yuki Matsuzaki, Jorgelina Guadalupe Airaldi, Stephen Graham, Tamayo Perry, Gerard Monaco, Emilia Jones, Geoffrey Rush, Santi Scinelli, John Snowden, Richard Griffiths, Bronson Webb, Randy Herman, Siegfried Peters, Danny Le Boyer, Richard Thomson, Chuck Williams, Nichola Fynn, Brea Berrett, Keith Richards, Daniel Ings, Hannah Walters, Teresa Mahoney, Sam Claflin, Steve Evets, Robert Stone, Clifford Rose, Aaron King, Matt Lasky, Patrick Kennedy, Greg Ellis, Pen√©lope Cruz, LeJon Stewart, Tyrone Lopez, Paul Hunter, Daphne Joy, Roger Allam, Kevin McNally, Harvey Walsh, Ian Mercer, Deobia Oparei, Gintare Beinoraviciute, Nicola Bertram, Claira Watson Parr, Antoinette Kalaj, Sean Francis George, Kristofer Dayne, Steve Saunders, Johnny Depp, Edward Mitchell, Judi Dench, Jody Halse, Ian McShane, David Pinkus, Loretta Walsh, Robbie Kay, Sebastian Armesto, Salomon Passariello, Tristan Laurence Perez, Andrew Crayford, Jason Curle, Richard Stoker, Alan J. Utley-Moore, Bobby Holland Hanton, Steve Morphew, Sanya Hughes, Norberto Mor√°n, Sean Talo, Christopher Fairbank, √ìscar Jaenada, Kristen StephensonPino, Anton Lesser, Kitt Barrie, Derek Mears, Harley Jay, Luke Roberts, Paul Bazely, Toni Busker",Rob Marshall,Dariusz Wolski,"Ted Elliott, Tim Powers, Terry Rossio","John DeLuca, Barry H. Waldman, Mike Stenson, Chad Oman, Jerry Bruckheimer, Terry Rossio",Hans Zimmer,6.6,597127,/keGfSvCmYj7CvdRx36OdVrAEibE.jpg,5,2011,19,pirates of the caribbean: on stranger tides,24,20.76892851276144,0.8307571405104575,thor,"anaheim, california (1), premiere (3), moscow (1), cannes film festival (1), blank (66), tokyo (1), beijing international film festival (1), dvd premiere (1)",66,0,75,0.0,no,no
52449,Bad Teacher,5.608,4819,Released,2011-05-16,216197492,92,20000000,tt1284575,en,Bad Teacher,"A lazy, incompetent middle school teacher who hates her job and her students is forced to return to her job to make enough money for a boob job after her rich fianc√© dumps her.",4.3437,"She doesn't give an ""F.""",Comedy,"columbia pictures, mosaic media group",United States of America,English,"Jason Segel, Daniel Castro, Cameron Diaz, Jillian Armenante, Rose Abdoo, Rick Overton, Lee Eisenberg, Matthew J. Evans, Noah Munck, Jeff Judah, David Doty, Aja Bair, Kaitlyn Dever, Melvin Mar, Deirdre Lovejoy, Molly Shannon, FINNEAS, Kadee Noel Brown, Jennifer Irwin, Igal Ben Yair, Justin Timberlake, Bruno Gunn, Nat Faxon, Eric Stonestreet, Dave Allen, John Michael Higgins, Paul Bates, Thomas Lennon, Stephanie Faracy, David Paymer, Jennifer Holloway, Christine Smith, Phyllis Smith, Andra Nechita, Lucy Punch, Christina Gabrielle, Paul Feig, Danny Trapp, Jerry Lambert, Adrian Kali Turner, Christopher Rockwell, Jordan Van Vranken, Matt Besser, Kathryn Newton, Alanna Ubach",Jake Kasdan,Alar Kivilo,"Lee Eisenberg, Gene Stupnitsky","Lee Eisenberg, Gene Stupnitsky, Jimmy Miller, Georgia Kacandes, David B. Householter, Jake Kasdan",Michael Andrews,5.7,220201,/zpIY4qUSX91J9XpPgr0hFrk1eKr.jpg,5,2011,20,bad teacher,25,19.19170286735747,0.7381424179752873,thor,"blank (45), new york city, new york (1), premiere (1), internet (4), yubari international fantastic film festival (1), shanghai international film festival (1), tv premiere (1)",45,4,54,0.07,no,no
8967,The Tree of Life,6.7,3227,Released,2011-05-17,54700000,139,32000000,tt0478304,en,The Tree of Life,"The impressionistic story of a Texas family in the 1950s. The film follows the life journey of the eldest son, Jack, through the innocence of childhood to his disillusioned adult years as he tries to reconcile a complicated relationship with his father. Jack finds himself a lost soul in the modern world, seeking answers to the origins and meaning of life while questioning the existence of faith.",7.8125,Nothing stands still.,"Drama, Fantasy",river road entertainment,United States of America,English,"Margaret Hoard, Danielle Rene, Brayden Whisenhunt, Charlotte Biggs, Michael E. Harvey, Sean Penn, Finnegan Williams, Tye Sheridan, Jessica Chastain, Fiona Shaw, Laramie Eppler, Jimmy Donaldson, Julia M. Smith, Michael Dixon, Gregory Kelly, Kelly Koonce, John Cyrier, Anne Nabors, Jackson Hurst, John Howell, Nicholas Yedinak, Jodie Moore, Tommy Hollis, Cooper Franklin Sutherland, Matt Hislope, Wally Welch, Erma Lee Alexander, Erinn Allison, Zach Irsik, Michael Koeth, Samantha Martinez, Savannah Welch, William Hardy, Dustin Allen, Tamara Jolaine, Nicolas Gonda, Tyler Thomas, Bryce Boudoin, Irene Bedard, Joanna Going, Hudson Lee Long, Will Wallace, Brad Pitt, Mary Anzalone, Carlotta Maggiorana, Jessica Fuselier, Cole Cockburn, Kameron Vaughn, Michael Showers, Hunter McCracken, Scottie Jefferies, Crystal Mantecon, Benjamin Dane, Ryan Melton, Kathryn Rawson, Kimberly Whalen, Debbi Tucker",Terrence Malick,Emmanuel Lubezki,Terrence Malick,"Bill Pohlad, Sarah Green, Dede Gardner, Donald Rosenfeld, Brad Pitt, Grant Hill",Alexandre Desplat,6.8,190552,/l8cwuB5WJSoj4uMAsnzuHBOMaSJ.jpg,5,2011,20,the tree of life,26,17.817374285673743,0.6599027513212498,thor,"cannes film festival (1), blank (48), french speaking region (1), german speaking region (1), limited (2), greek film archive (1), french film festival (1), karlovy vary international film festival (1), yerevan international film festival (1), durban international film festival (1), donostia-san sebastian international film festival (1), beirut international film festival (1), pusan international film festival (1), morelia international film festival (1), tallinn black nights film festival (1), amsterdam film week (1), re-release (1), belgrade film festival (1), beijing international film festival (1), internet (1), blu-ray release (1), dvd premiere (1)",48,1,70,0.01,no,no
67748,Snowtown,6.3,330,Released,2011-05-19,1349387,120,2000000,tt1680114,en,Snowtown,"Based on true events, 16 year-old Jamie falls in with his mother's new boyfriend and his crowd of self-appointed neighborhood watchmen, a relationship that leads to a spree of torture and murder.",1.8626,Australia's most infamous crime story,"Crime, Drama","screen australia, warp films, carver films",Australia,English,"Kathryn Wissell, Aasta Brown, Frank Cwertniak, Robert Deeble, David Walker, Allan Chapple, Richard Green, Lucas Pittaway, Marcus Howard, Andrew Mayers, Anthony Groves, Bob Adriaens, Bryan Sellars, Louise Harris, Beau Gosling, Denis Davey, Brendan Rock, Krystle Flaherty, Craig Coyne, Keiran Schwerdt, Matthew Howard, Daniel Henshall, Aaron Viergever",Justin Kurzel,Adam Arkapaw,"Justin Kurzel, Andrew McGarry, Shaun Grant, Mac Gudgeon, Debi Marshall","Sarah Shaw, Anna McLeish, Mark Herbert, Robin Gutch",Jed Kurzel,6.6,22142,/5LW1vPLa8ueVwdOgR8w5xYkSQGv.jpg,5,2011,20,snowtown,28,14.115161714294658,0.4867297142860227,thor,"cannes film festival (1), blank (4), toronto international film festival (1), helsinki international film festival (1), rio de janeiro international film festival (1), pusan international film festival (1), valenciennes film festival (1), horrorthon festival dublin (1), thessaloniki international film festival (1), stockholm international film festival (1), new york city, new york (1), dvd premiere (5), hong kong international film festival (1), cph:pix (1), d'a film festival (1), tv release (1)",4,0,23,0.0,no,no
55846,Blitz,6.181,1720,Released,2011-05-20,15800000,97,15774948,tt1297919,en,Blitz,A tough cop is dispatched to take down a serial killer who has been targeting police officers.,4.6773,It's cop-killer vs. killer-cop,"Crime, Action, Thriller","lipsync productions, kushner/wyman productions, davis films, lionsgate, current entertainment","France, United Kingdom, United States of America",English,"Richard Riddell, Elly Fairman, Rebecca Eve, Luke Barron, Joe Dempsie, Bill Champion, Ron Donachie, Taylor James, Taya De La Cruz, Del Synnott, Omar Hosein, Ranjit Krishnamma, Mark Roper, Christina Cole, Serge Soric, Shiden Mezghebe, David Morrissey, Mark Rylance, Alex Lanipekun, Ned Dennehy, Gregory Finnegan, Aidan Gillen, Antonia Christy, Zawe Ashton, Luke Evans, Nabil Elouahabi, Jason Statham, Paddy Considine, Nicky Henson, Michael Byrch, Steven Harwood-Brown",Elliott Lester,Rob Hardy,"Ken Bruen, Nathan Parker","Brad Wyman, Steven Chasman, Zygi Kamasa, Donald Kushner",Ilan Eshkeri,6.1,95279,/qjqmhhc7uLub22mhu4V6DjOBwXM.jpg,5,2011,20,blitz,29,16.575520561288332,0.5525173520429444,thor,"blank (31), dvd premiere (8), dvd and blu-ray premiere (1), internet (1), blu-ray release (1), rtp 1 (1), tv premiere (1)",31,1,44,0.02,no,no
45243,The Hangover Part II,6.497,10931,Released,2011-05-25,586764305,102,80000000,tt1411697,en,The Hangover Part II,"The Hangover crew heads to Thailand for Stu's wedding. After the disaster of a bachelor party in Las Vegas last year, Stu is playing it safe with a mellow pre-wedding brunch. However, nothing goes as planned and Bangkok is the perfect setting for another adventure with the rowdy group.",8.2659,The Wolfpack Is Back,Comedy,"legendary pictures, green hat films, warner bros. pictures",United States of America,"English, ‡∏†‡∏≤‡∏©‡∏≤‡πÑ‡∏ó‡∏¢","Aedin Mincks, Mason Lee, Justin Bartha, Dylan Boyack, Andrew Howard, William A. Johnson, Jessica Lee, Ken Jeong, Mike Tyson, Ed Helms, Kaweewit Chaikaew, Brody Stevens, Todd Phillips, Nick Cassavetes, Yasmin Lee, Michael Berry Jr., William Jiang, Danai Thiengdham, Penpak Sirikul, Manel Soler, Gillian Vigman, Sanita Jai-Ua, Rattana Janprasit, Lynne Kidder, Aroon Seeboonruang, Jetsada Yuktabutra, Palakorn Gunjina, Kim Lee, Thana Srisuke, Byron Gibson, Pure Watanabe, Jamie Chung, Pongsatorn Sawadchatchawan, Chanicha Shindejanichakul, Crystal the Monkey, Palakorn Chaiklang, Vithaya Pansringarm, Bradley Cooper, Pairot Noiply, Sasha Barrese, Sondra Currie, Tanner Maguire, Nirut Sirijanya, Fr√©d√©ric North, Jeffrey Tambor, Zach Galifianakis, Paul Giamatti, Bryan Callen",Todd Phillips,Lawrence Sher,"Scot Armstrong, Todd Phillips, Scott Moore, Jon Lucas, Craig Mazin","J.C. Spink, Todd Phillips, Scott Budnick, Chris Bender, Thomas Tull, Daniel Goldberg",Christophe Beck,6.5,566538,/7sGkjqorTHkaHTz8Q4WWHj8JL9t.jpg,5,2011,21,the hangover part ii,34,20.19013377416213,0.5768609649760609,thor,"hollywood, california (1), premiere (1), blank (58), blu ray release (1), dvd premiere (1), internet (2)",58,2,64,0.03,no,no
49444,Kung Fu Panda 2,7.05,7592,Released,2011-05-25,665692281,91,150000000,tt1302011,en,Kung Fu Panda 2,"Po and his friends fight to stop a peacock villain from conquering China with a deadly new weapon, but first the Dragon Warrior must come to terms with his past.",6.8712,Twice the awesomeness.,"Animation, Family, Comedy",dreamworks animation,United States of America,English,"Romy Rosemont, Stephen Kearin, Maury Sterling, James Hong, Liam Knight, Lauren Tom, Conrad Vernon, Victor Garber, Michelle Yeoh, Lena Golia, Alexandra Gold Jourden, Jack Black, Joseph Izzo, Danny McBride, Mike Bell, Dennis Haysbert, Fred Tatasciore, Paul Mazursky, Lucy Liu, Angelina Jolie, David Cross, Gary Oldman, Dan O'Connor, Jeremy Shipp, Jackie Chan, April Hong, Dustin Hoffman, Shane Glick, Jason Bertsch, Jean-Claude Van Damme, Michael DeMaio, Seth Rogen",Jennifer Yuh Nelson,Damon O'Beirne,"Januel Mercado, Louie del Carmen, Rodolphe Guenoden, Kris Marciano Pajarito, Catherine Yuh Rader, Li Hong, Simon Wells, Ed Gombert, Joel Crawford, Radford Sechrist, Derek Drymon, Tron Mai, Glenn Berger, Robert Koo, Gary Graham, Alessandro Carloni, Ryan Crego, Johane Matte, Jonathan Aibel, Chen-Yi Chang, Philip Craven, Sharon Bridgeman",Melissa Cobb,"John Powell, Hans Zimmer",7.3,347815,/mtqqD00vB4PGRt20gWtGqFhrkd0.jpg,5,2011,21,kung fu panda 2,34,20.3163380826927,0.5804668023626486,thor,"los angeles, california (1), premiere (5), blank (69), limited (5), dublin (1), opening night (1), taormina film festival (1), french speaking region (1), german speaking region (1), italian speaking region (1), anifest film festival (1), outfest film festival (1)",69,0,88,0.0,no,no
49538,X-Men: First Class,7.298,13198,Released,2011-06-01,353624124,132,160000000,tt1270798,en,X-Men: First Class,"Before Charles Xavier and Erik Lensherr took the names Professor X and Magneto, they were two young men discovering their powers for the first time. Before they were arch-enemies, they were closest of friends, working together with other mutants (some familiar, some new), to stop the greatest threat the world has ever known.",0.3579,Witness the moment that will change our world.,"Action, Science Fiction, Adventure","the donners' company, bad hat harry productions, 20th century fox, marvel entertainment",United States of America,"Deutsch, English, Espa√±ol, Fran√ßais, P—É—Å—Å–∫–∏–π","David Agranov, Edi Gathegi, Greg Kolpakchi, Juan Herrera, Oliver Platt, Kevin Bacon, Demetri Goritsas, Michael Ironside, Brendan Fehr, Andrei Zayats, Leonard Redlich, Tony Curran, Annabelle Wallis, Yuri Naumkin, Neil Fingleton, Kieran Patrick Campbell, √Ålex Gonz√°lez, Wilfried Hochholdinger, Katrine De Candole, Arthur Darbinyan, Ray Wise, Jarid Faubel, Carlos Peres, Venya Manzyuk, Sean Brown, James Remar, Gregory Cox, Peter Stark, Rebecca Romijn, Jennifer Lawrence, Beth Goddard, Greg Savage, Josh Ramsay, David Crow, James McAvoy, Rade ≈†erbed≈æija, Sasha Pieterse, Georg Nikoloff, Jason Beghe, David Joseph Martinez, Leonardo Castro Sitiriche, Olek Krupa, Bill Milner, January Jones, Zo√´ Kravitz, Josh Cohen, Lucas Till, √âva Magyar, James Faulkner, Don Creech, Laurence Belcher, Nicholas Hoult, John Snowden, Randall Batinkoff, Johnny Otto, Gene Farber, Corey Johnson, Matt Craven, Glenn Morshower, Caleb Landry Jones, Michael Medeiros, Jason Flemyng, Ludger Pistor, Rose Byrne, Michael Fassbender, Hugh Jackman, Morgan Lily",Matthew Vaughn,John Mathieson,"Bryan Singer, Ashley Miller, Zack Stentz, Matthew Vaughn, Sheldon Turner, Jane Goldman","Simon Kinberg, Tarquin Pack, Bryan Singer, Lauren Shuler Donner, Josh McLaglen, Gregory Goodman, Stan Lee",Henry Jackman,7.7,755658,/hNEokmUke0dazoBhttFN0o3L7Xv.jpg,6,2011,22,x-men: first class,41,19.683745113210374,0.4686605979335803,thor,"new york city, new york (1), premiere (2), buenos aires (1), blank (60), dvd premiere (2), beijing international film festival (1)",60,0,67,0.0,no,no
69785,Shaitan,6.202,47,Released,2011-06-01,6100000,126,1700000,tt1836912,hi,‡§∂‡•à‡§§‡§æ‡§®,Five substance-abusing friends decide to fake a kidnapping in order to bribe a police constable for covering-up a hit-and-run accident.,0.6853,Free Your Inner Shaitan,"Action, Crime, Drama, Thriller","anurag kashyap films, bohra bros productions, getaway films private limited, viacom18 studios",India,‡§π‡§ø‡§®‡•ç‡§¶‡•Ä,"Shivani Tanksale, Pavan Malhotra, Nikhil Chinapa, Rukhsar Rehman, Rajit Kapoor, Kalki Koechlin, Kirti Kulhari, Sheetal Menon, Shiv Panditt, Rajeev Khandelwal, Rajat Barmecha, Rajkummar Rao, Shelly Skandrani, Neil Bhoopalam, Gulshan Devaiah",Bejoy Nambiar,R. Madhi,"Abhijeet Deshpande, Bejoy Nambiar, Megha Ramaswamy","Guneet Monga, Sunil Bohra, Anurag Kashyap","Amar Mohile, Anupam Roy, Prashant Pillai",7.2,9179,/4X9wr1tnwPY0MPlf3MHtJBggdlA.jpg,6,2011,22,shaitan,41,15.623799493077952,0.3719952260256655,thor,"blank (1), internet (2)",1,2,3,0.67,yes,no
76696,Sidewalls,7.5,304,Released,2011-06-01,2140,94,11000000,tt1235841,es,Medianeras,"Martin is a neurotic web designer taking baby steps out of the isolation of his one-room apartment and his virtual reality. Mariana is an artist fresh out of a a long relationship. They are perfect for each other, live on the same street, in opposite buildings, but they never meet. Can the movement of a modern city of three million people bring them together?",1.4105,How do you find love when you don‚Äôt know where it is?,"Drama, Romance","eddie saeta, rizoma films, zarlek producciones, pandora film, incaa, programa ibermedia, filmstiftung nordrhein-westfalen, world cinema fund, instituto de la cinematograf√≠a y de las artes audiovisuales, tv3","Argentina, Germany, Spain","Fran√ßais, Espa√±ol","Lucas Issi, Miguel Dedovich, Adri√°n Navarro, Alan Pauls, Alicia Mezza, In√©s Efr√≥n, Mart√≠n Feldman, Jorge Ernesto Lanata, Javier Drolas, Carla Peterson, Octavio Musaluppi, Pilar L√≥pez de Ayala, Romina Paula, Rafael Ferro, Miguel √Ångel √Ålvarez",Gustavo Taretto,Leandro Mart√≠nez,Gustavo Taretto,"Natacha Cervi, Christoph Friedel, Luis Mi√±arro, Luis A. Sartor, Hern√°n Musaluppi, B√°rbara Francisco",Gabriel Chwojnik,7.5,17011,/rpGopOQg2QGZI85QgFwOpKZnND1.jpg,6,2011,22,sidewalls,41,7.669028288589683,0.1825959116330877,thor,"berlin international film festival (1), blank (15), karlovy vary international film festival (1), athens film festival (1), gent international film festival (1), valladolid film festival (1), filmy swiata ale kino festival (1), greek film archive (1), tv premiere (1), internet (1)",15,1,24,0.04,no,no
55347,Beginners,6.838,1096,Released,2011-06-03,14311701,104,3200000,tt1532503,en,Beginners,"Oliver meets the irreverent and unpredictable Anna only months after his father Hal Fields has passed away. This new love floods Oliver with memories of his father, who, following the death of his wife of 44 years, came out of the closet at age 75 to live a full, energized, and wonderfully tumultuous gay life ‚Äì which included a younger boyfriend.",4.3907,This is what love feels like.,"Drama, Romance, Comedy","parts & labor, olympus pictures, northwood productions","Canada, United States of America","English, Fran√ßais","Melissa Tang, Lou Taylor Pucci, Patrick Birkett, Jennifer Lauren Grant, Leslie Shea, Mary Page Keller, Catherine McGoohan, Jennifer Hasty, Luke Diliberto, Regine Redwing, Sabera Wise, Amanda Payton, June Saunders, Goran Vi≈°njiƒá, M√©lanie Laurent, Bambadjan Bamba, Hana Hwang, Jodi Long, Kai Lennox, Keegan Boos, Lana Young, Jose Yenque, Rodney Saulsberry, Christopher Plummer, Bruce French, Terry Walters, Ewan McGregor, China Shavers, Michael Chieffo, Sunday Burke, AlgeRita Wynn, Reynaldo Pacheco, Rafael J. Noble",Mike Mills,Kasper Tuxen,"Mike Mills, Miranda July","Dean Vanech, Joan Scheckel, Miranda de Pencier, Leslie Urdang, Jay Van Hoy, Mark Levinson, Lars Knudsen","Roger Neill, Brian Reitzell, Dave Palmer",7.2,96819,/mAquHAmoBgZ1omUNdNsnGVNX74c.jpg,6,2011,22,beginners,43,16.476588082265824,0.3744679109605869,thor,"toronto international film festival (1), premiere (1), san francisco international film festival (1), seattle international film festival (1), los angeles, california (1), new york city, new york (1), blank (24), jerusalem film festival (1), galway film fleadh (1), limited (1), french speaking region (1), italian speaking region (1), german speaking region (1), amfest 11 american film festival (1), dvd premiere (5)",24,0,42,0.0,no,no
